catalogue_id,display_name,right_ascension,declination,apparent_magnitude,constellation_region,spectral_type,description
HR3,33 Psc,0.08891667,-5.70750000,4.61,Psc,K1III,
HR15,Alpheratz,0.13977778,29.09055556,2.06,And,B8IVpMnHg,
HR21,Caph,0.15294444,59.14972222,2.27,Cas,F2III-IV,
HR25,Epsilon Phe,0.15683333,-45.74750000,3.87,Phe,K0III,
HR33,6 Cet,0.18772222,-15.46805556,4.89,Cet,F7V,
HR39,Algenib,0.22058333,15.18361111,2.84,Peg,B2IV,
HR45,Chi Peg,0.24336111,20.20666667,4.80,Peg,M2+III,
HR48,7 Cet,0.24397222,-18.93277778,4.46,Cet,M3III,
HR63,Theta And,0.28483333,38.68166667,4.61,And,A2V,
HR68,Sigma And,0.30544444,36.78527778,4.52,And,A2V,
HR74,Iota Cet,0.32377778,-8.82388889,3.55,Cet,K1.5III,
HR77,Zeta Tuc,0.33450000,-64.87500000,4.23,Tuc,F9V,
HR98,Beta Hyi,0.42925000,-77.25444444,2.79,Hyi,G2IV,
HR99,Alpha Phe,0.43805556,-42.30611111,2.38,Phe,K0III,
HR100,Kappa Phe,0.43669444,-43.68000000,3.93,Phe,A7V,
HR105,Eta Scl,0.46547222,-33.00722222,4.81,Scl,M4III,
HR123,Lambda Cas,0.52952778,54.52222222,4.73,Cas,B8Vn,
HR125,Lambda1 Phe,0.52358333,-48.80361111,4.77,Phe,A0V,
HR126,Beta1 Tuc,0.52575000,-62.95833333,4.37,Tuc,B9V,
HR127,Beta2 Tuc,0.52600000,-62.96583333,4.54,Tuc,A2V+A7V,
HR130,Kappa Cas,0.54997222,62.93194444,4.16,Cas,B1Iae,
HR153,Zeta Cas,0.61616667,53.89694444,3.66,Cas,B2IV,
HR154,Pi And,0.61466667,33.71944444,4.36,And,B5V,
HR163,Epsilon And,0.64258333,29.31194444,4.38,And,G8IIIp,
HR165,Delta And,0.65544444,30.86111111,3.28,And,K3III,
HR168,Schedar,0.67511111,56.53750000,2.23,Cas,K0IIIa,
HR179,Xi Cas,0.70105556,50.51250000,4.81,Cas,B2V,
HR180,Mu Phe,0.68875000,-46.08500000,4.59,Phe,G8III,
HR184,Pi Cas,0.72444444,47.02472222,4.94,Cas,A5V,
HR188,Beta Cet,0.72647222,-17.98666667,2.01,Cet,"K0IIICH-1H,K-0.5",
HR191,Eta Phe,0.72255556,-57.46305556,4.36,Phe,A0IV,
HR193,Omicron Cas,0.74541667,48.28444444,4.50,Cas,B5IIIe,
HR194,Phi1 Cet,0.73647222,-10.60944444,4.75,Cet,K0IIIv,
HR215,Zeta And,0.78897222,24.26722222,4.06,And,K1IIe,
HR219,Eta Cas,0.81833333,57.81611111,3.44,Cas,G0V+dM0,
HR223,Nu Cas,0.81388889,50.96833333,4.89,Cas,B9III,
HR224,Delta Psc,0.81136111,7.58500000,4.44,Psc,K5III,
HR226,Nu And,0.83022222,41.07888889,4.53,And,B5V+F8V,
HR244,HR244,0.88447222,61.12416667,4.80,,F8V,
HR248,20 Cet,0.88344444,-1.14444444,4.76,Cet,M0III,
HR253,Upsilon1 Cas,0.91666667,58.97277778,4.84,Cas,K2III,
HR264,Gamma Cas,0.94511111,60.71666667,2.47,Cas,B0IVe,
HR265,Upsilon2 Cas,0.94436111,59.18111111,4.64,Cas,G8.5IIIbCN-1,
HR3282,HR3282,8.35638889,-33.05444444,4.83,,K3II,
HR269,Mu And,0.94586111,38.49944444,3.87,And,A5V,
HR271,Eta And,0.95344444,23.41777778,4.42,And,G8IIIb,
HR280,Alpha Scl,0.97675000,-29.35777778,4.27,Scl,B7IIIp,
HR285,HR285,1.14580556,86.25722222,4.26,,K2II-III,
HR294,Epsilon Psc,1.04902778,7.89000000,4.28,Psc,K0III,
HR322,Beta Phe,1.10138889,-46.71888889,3.30,Phe,G8IIIv,
HR334,Eta Cet,1.14313889,-10.18222222,3.44,Cet,K1.5IIICN1,
HR335,Phi And,1.15836111,47.24194444,4.25,And,B7Ve,
HR337,Mirach,1.16219444,35.62055556,2.05,And,M0IIIa,
HR338,Zeta Phe,1.13972222,-55.24583333,3.92,Phe,B6V+B9V,
HR343,Theta Cas,1.18502778,55.15000000,4.34,Cas,A7V,
HR351,Chi Psc,1.19086111,21.03472222,4.66,Psc,G8.5III-IIIa,
HR352,Tau Psc,1.19433333,30.08972222,4.51,Psc,K0IIIb,
HR360,Phi Psc,1.22911111,24.58361111,4.66,Psc,K0III,
HR370,Nu Phe,1.25308333,-45.53166667,4.96,Phe,F8V,
HR377,Kappa Tuc,1.26283333,-68.87611111,4.86,Tuc,F6IV,
HR382,Phi Cas,1.33466667,58.23166667,4.99,Cas,F0Ia,
HR383,Upsilon Psc,1.32441667,27.26416667,4.76,Psc,A3V,
HR390,Xi And,1.37230556,45.52888889,4.90,And,K0-IIIb,
HR399,Psi Cas,1.43222222,68.13000000,4.74,Cas,K0III,
HR402,Theta Cet,1.40036111,-8.18361111,3.59,Cet,K0IIIb,
HR403,Delta Cas,1.43025000,60.23527778,2.68,Cas,A5III-IVv,
HR412,46 Cet,1.42697222,-14.59888889,4.90,Cet,K2.5IIIb,
HR417,Omega And,1.46088889,45.40694444,4.82,And,F5IV,
HR424,Polaris,2.53069444,89.26416667,2.02,UMi,F7:Ib-IIv,
HR429,Gamma Phe,1.47275000,-43.31833333,3.41,Phe,M0-IIIa,
HR434,Mu Psc,1.50308333,6.14388889,4.84,Psc,K4III,
HR437,Eta Psc,1.52469444,15.34583333,3.62,Psc,G7IIIa,
HR440,Delta Phe,1.52083333,-49.07277778,3.95,Phe,K0III-IV,
HR442,Chi Cas,1.56552778,59.23222222,4.72,Cas,G9IIIb,
HR458,Upsilon And,1.61327778,41.40555556,4.10,And,F8V,
HR464,51 And,1.63319444,48.62833333,3.57,And,K3-III,
HR469,Chi And,1.65580556,44.38611111,4.98,And,G8III,
HR472,Achernar,1.62858333,-57.23666667,0.46,Eri,B3Vpe,
HR477,Tau And,1.67630556,40.57694444,4.94,And,B8III,
HR483,HR483,1.69641667,42.61361111,4.96,,G1.5V,
HR489,Nu Psc,1.69050000,5.48750000,4.44,Psc,K3-IIIbBa0.1,
HR496,Phi Per,1.72766667,50.68888889,4.06,Per,B2Vep,
HR500,HR500,1.71205556,-3.69027778,5.00,,K3II-III,
HR509,Tau Cet,1.73444444,-15.93750000,3.50,Cet,G8V,
HR510,Omicron Psc,1.75655556,9.15777778,4.26,Psc,G8III,
HR531,Chi Cet,1.82638889,-10.68638889,4.68,Cet,F3III,
HR539,Zeta Cet,1.85763889,-10.33500000,3.72,Cet,K0IIIBa0.1,
HR542,Epsilon Cas,1.90655556,63.67027778,3.37,Cas,B3III,
HR544,Alpha Tri,1.88466667,29.57888889,3.42,Tri,F6IV,
HR545,Gamma1 Ari,1.89213889,19.29583333,4.83,Ari,B9V,
HR546,Gamma2 Ari,1.89216667,19.29361111,4.75,Ari,A1pSi,
HR548,Omega Cas,1.93330556,68.68527778,4.99,Cas,B8III,
HR549,Xi Psc,1.89258333,3.18750000,4.63,Psc,K0III,
HR553,Beta Ari,1.91063889,20.80805556,2.65,Ari,A5V,
HR555,Psi Phe,1.89408333,-46.30277778,4.41,Phe,M4III,
HR565,56 Cet,1.94447222,-22.52666667,4.85,Cet,K4III,
HR566,Chi Eri,1.93261111,-51.60888889,3.70,Eri,G8IIIbCNIV,
HR569,Lambda Ari,1.96547222,23.59611111,4.79,Ari,F0V,
HR570,Eta2 Hyi,1.91558333,-67.64750000,4.69,Hyi,G8III-IV,
HR574,HR574,1.95277778,-47.38500000,4.82,,G8III,
HR575,48 Cas,2.03258333,70.90722222,4.54,Cas,A3IV,
HR580,50 Cas,2.05722222,72.42138889,3.98,Cas,A2V,
HR585,Upsilon Cet,2.00005556,-21.07777778,4.02,Cet,M0.5IIIBa0.2,
HR591,Alpha Hyi,1.97950000,-61.57000000,2.86,Hyi,F0V,
HR596,Alpha Psc,2.03408333,2.76361111,4.33,Psc,A0pSiSr,
HR603,Almach,2.06497222,42.32972222,2.26,And,K3-IIb,
HR604,Gamma2 And,2.06519444,42.33083333,4.84,And,B8V+A0V,
HR612,Nu For,2.07483333,-29.29694444,4.69,For,B9.5pSi,
HR617,Hamal,2.11952778,23.46250000,2.01,Ari,K2IIIabCa-I,
HR620,58 And,2.14144444,37.85916667,4.83,And,A5IV-V,
HR622,Beta Tri,2.15902778,34.98722222,3.00,Tri,A5III,
HR623,14 Ari,2.15702778,25.94000000,4.98,Ari,F2III,
HR642,6 Tri,2.20616667,30.30305556,4.94,Tri,G5III+F5V,
HR643,60 And,2.22033333,44.23194444,4.83,And,K3.5IIIBa0.5:,
HR649,Xi1 Cet,2.21663889,8.84666667,4.35,Cet,G6II-IIICN-2,
HR660,Delta Tri,2.28422222,34.22444444,4.87,Tri,G0V,
HR664,Gamma Tri,2.28855556,33.84722222,4.01,Tri,A1Vnn,
HR674,Phi Eri,2.27516667,-51.51222222,3.56,Eri,B8V-IV,
HR681,Mira,2.32241667,-2.97750000,3.05,Cet,M7IIIe,
HR699,65 And,2.42702778,50.27861111,4.70,And,K4+III,
HR705,Delta Hyi,2.36252778,-68.65944444,4.09,Hyi,A3V,
HR707,Iota Cas,2.48441667,67.40250000,4.53,Cas,A5pSr,
HR708,Rho Cet,2.43247222,-12.29055556,4.89,Cet,B9.5Vn,
HR718,Xi2 Cet,2.46930556,8.46000000,4.30,Cet,B9III,
HR721,Kappa Eri,2.44975000,-47.70388889,4.25,Eri,B5IV,
HR740,Sigma Cet,2.53475000,-15.24472222,4.75,Cet,F4IV,
HR749,Omega For,2.56405556,-28.23250000,4.89,For,B9.5V,
HR754,Nu Cet,2.59788889,5.59333333,4.86,Cet,G8III,
HR779,Delta Cet,2.65802778,0.32861111,4.06,Cet,B2IV,
HR781,Epsilon Cet,2.65936111,-11.87222222,4.84,Cet,F5V+F6V,
HR788,12 Per,2.70413889,40.19388889,4.92,Per,F9V,
HR789,HR789,2.66330556,-42.89166667,4.75,,A2V,
HR794,Iota Eri,2.67777778,-39.85527778,4.11,Eri,K0III,
HR799,Theta Per,2.73663889,49.22861111,4.13,Per,F8V,
HR801,35 Ari,2.72416667,27.70722222,4.67,Ari,B3V,
HR804,Gamma Cet,2.72166667,3.23583333,3.47,Cet,A3V,
HR806,Epsilon Hyi,2.65986111,-68.26694444,4.11,Hyi,B9V,
HR811,Pi Cet,2.73536111,-13.85888889,4.24,Cet,B7V,
HR813,Mu Cet,2.74902778,10.11416667,4.27,Cet,F0IV,
HR818,Tau1 Eri,2.75169444,-18.57250000,4.46,Eri,F6V,
HR824,39 Ari,2.79847222,29.24722222,4.52,Ari,K1III,
HR834,Eta Per,2.84494444,55.89555556,3.79,Per,M3-Ib-IIa,
HR837,Zeta Hyi,2.75905556,-67.61666667,4.84,Hyi,A2IV-V,
HR838,41 Ari,2.83305556,27.26055556,3.62,Ari,B8Vn,
HR840,16 Per,2.84302778,38.31861111,4.23,Per,F2III,
HR841,Beta For,2.81816667,-32.40611111,4.46,For,G8IIIb,
HR843,17 Per,2.85855556,35.05972222,4.53,Per,K7III,
HR850,Tau2 Eri,2.85061111,-21.00416667,4.77,Eri,K0III,
HR854,Tau Per,2.90427778,52.76250000,3.96,Per,G4III+A4V,
HR868,HR868,2.89800000,-49.89027778,3.92,,M7IIIe,
HR872,Nu Hyi,2.84130556,-75.06694444,4.75,Hyi,K3III,
HR874,Eta Eri,2.94044444,-8.89805556,3.87,Eri,K1-IIIbBa0.2,
HR879,Pi Per,2.97933333,39.66277778,4.70,Per,A2Vn,
HR882,24 Per,2.98433333,35.18305556,4.94,Per,K2III,
HR887,Epsilon Ari,2.98683333,21.34027778,4.63,Ari,A2Vs,
HR888,Epsilon Ari,2.98683333,21.34027778,4.64,Ari,A2Vs,
HR896,Lambda Cet,2.99522222,8.90750000,4.70,Cet,B6III,
HR897,Acamar,2.97100000,-40.30472222,3.42,Eri,A4III,
HR898,Theta2 Eri,2.97116667,-40.30444444,4.42,Eri,A1V,
HR909,Beta Hor,2.97994444,-64.07111111,4.99,Hor,A3-5IIIm:,
HR911,Menkar,3.03797222,4.08972222,2.53,Cet,M1.5IIIa,
HR915,Gamma Per,3.07991667,53.50638889,2.93,Per,G8III+A2V,
HR918,HR918,3.09233333,56.70583333,4.76,,G9.5III,
HR919,Tau3 Eri,3.03986111,-23.62444444,4.09,Eri,A4IV,
HR921,Rho Per,3.08625000,38.84027778,3.39,Per,M4II,
HR932,HR932,3.19897222,74.39361111,4.88,,A2Vnn,
HR936,Algol,3.13613889,40.95583333,2.12,Per,B8V,
HR937,Iota Per,3.15111111,49.61333333,4.05,Per,G0V,
HR941,Kappa Per,3.15825000,44.85750000,3.81,Per,K0III,
HR947,Omega Per,3.18813889,39.61166667,4.64,Per,K1III,
HR951,Delta Ari,3.19380556,19.72666667,4.37,Ari,K2IIIv,
HR963,Alpha For,3.20116667,-28.98722222,3.85,For,F8V,
HR972,Zeta Ari,3.24833333,21.04444444,4.89,Ari,A1V,
HR984,Zeta Eri,3.26386111,-8.81972222,4.80,Eri,A5m,
HR985,HR985,3.33313889,65.65250000,4.85,,B2.5Ven,
HR991,HR991,3.31213889,34.22250000,4.82,,K2IIICN2Ba0.3,
HR994,15 Eri,3.30613889,-22.51138889,4.88,Eri,G6III,
HR996,Kappa1 Cet,3.32266667,3.37027778,4.84,Cet,G5Vv,
HR999,HR999,3.33897222,29.04861111,4.47,,K2II-III,
HR1002,32 Per,3.35736111,43.32972222,4.95,Per,A3V,
HR1003,Tau4 Eri,3.32525000,-21.75777778,3.70,Eri,M3.5IIIaCa-1,
HR1008,HR1008,3.33211111,-43.06972222,4.27,,G8III,
HR1017,Mirfak,3.40536111,49.86138889,1.79,Per,F5Ib,
HR1030,Omicron Tau,3.41352778,9.02888889,3.60,Tau,G6IIIFe-1,
HR1034,HR1034,3.46750000,49.06277778,4.98,,B5V,
HR1035,HR1035,3.48447222,59.94027778,4.22,,B9Ia,
HR1038,Xi Tau,3.45280556,9.73277778,3.75,Tau,B9Vn,
HR1040,HR1040,3.49855556,58.87888889,4.54,,A0Iae,
HR1044,34 Per,3.48944444,49.50888889,4.67,Per,B3V,
HR1052,Sigma Per,3.50955556,47.99527778,4.38,Per,K3III,
HR1066,5 Tau,3.51452778,12.93666667,4.10,Tau,K0II-IIIFe-0.5,
HR1070,17 Eri,3.51027778,-5.07527778,4.73,Eri,B9Vs,
HR1083,Kappa Ret,3.48961111,-62.93777778,4.72,Ret,F5IV-V,
HR1084,Epsilon Eri,3.54883333,-9.45833333,3.73,Eri,K2V,
HR1087,Psi Per,3.60813889,48.19277778,4.23,Per,B5Ve,
HR1088,Tau5 Eri,3.56311111,-21.63305556,4.28,Eri,B8V+B8V,
HR1101,10 Tau,3.61452778,0.40166667,4.28,Tau,F9V,
HR1106,HR1106,3.61822222,-40.27472222,4.58,,K1III,
HR1122,Delta Per,3.71538889,47.78750000,3.01,Per,B5III,
HR1123,40 Per,3.70625000,33.96500000,4.97,Per,B0.5V,
HR1129,HR1129,3.76730556,63.34500000,4.79,,G0III+A3V,
HR1131,Omicron Per,3.73863889,32.28833333,3.83,Per,B1III,
HR1134,Delta For,3.70413889,-31.93833333,5.00,For,B5IV,
HR1135,Nu Per,3.75322222,42.57861111,3.80,Per,F5II,
HR1136,Delta Eri,3.72077778,-9.76333333,3.54,Eri,K0+IV,
HR1142,Electra,3.74791667,24.11333333,3.70,Tau,B6IIIe,
HR1143,HR1143,3.71388889,-37.31361111,4.59,,K2.5III,
HR1145,Taygete,3.75344444,24.46722222,4.30,Tau,B6IV,
HR1148,Gamma Cam,3.83930556,71.33250000,4.66,Cam,A2IVn,
HR1149,Maia,3.76375000,24.36777778,3.87,Tau,B8III,
HR1155,HR1155,3.82533333,65.52611111,4.48,,M2IIab,
HR1156,Merope,3.77208333,23.94833333,4.18,Tau,B6IVe,
HR1162,Pi Eri,3.76900000,-12.10166667,4.42,Eri,M2III,
HR1165,Alcyone,3.79138889,24.10500000,2.87,Tau,B7IIIe,
HR1173,Tau6 Eri,3.78077778,-23.24972222,4.23,Eri,F3III,
HR1175,Beta Ret,3.73666667,-64.80722222,3.85,Ret,K1-2III,
HR1178,Atlas,3.81936111,24.05333333,3.62,Tau,B8III,
HR1190,HR1190,3.80994444,-37.62055556,4.86,,B9V,
HR1195,HR1195,3.82422222,-36.20027778,4.17,,G9II-III,
HR1203,Zeta Per,3.90219444,31.88361111,2.85,Per,B1Ib,
HR1205,HR1205,3.95227778,61.10888889,5.00,,K3I-II,
HR1208,Gamma Hyi,3.78736111,-74.23916667,3.24,Hyi,M2III,
HR1212,32 Eri,3.90483333,-2.95472222,4.79,Eri,G8III,
HR1213,Tau8 Eri,3.89516667,-24.61250000,4.65,Eri,B6V,
HR1220,Epsilon Per,3.96422222,40.01027778,2.89,Per,B0.5V+A2V,
HR1228,Xi Per,3.98272222,35.79111111,4.04,Per,O7e,
HR1231,Zaurak,3.96713889,-13.50861111,2.94,Eri,M0.5IIICa-ICr-I,
HR1239,Lambda Tau,4.01133333,12.49027778,3.41,Tau,B3V+A4IV,
HR1240,Tau9 Eri,3.99872222,-24.01638889,4.66,Eri,B6V+B9.5V,
HR1247,Delta Ret,3.97908333,-61.40027778,4.56,Ret,M2IIIab,
HR1251,Nu Tau,4.05258333,5.98944444,3.91,Tau,A1V,
HR1256,37 Tau,4.07825000,22.08194444,4.37,Tau,K0III,
HR1261,Lambda Per,4.10972222,50.35138889,4.29,Per,A0IVn,
HR1264,Gamma Ret,4.01494444,-62.15944444,4.51,Ret,M4III,
HR1266,Iota Ret,4.02172222,-61.07888889,4.97,Ret,K4III,
HR1273,48 Per,4.14433333,47.71250000,4.03,Per,B3Ve,
HR1298,Omicron1 Eri,4.19775000,-6.83777778,4.05,Eri,F2II-III,
HR1302,Delta Hor,4.18069444,-41.99361111,4.93,Hor,A9V,
HR1303,Mu Per,4.24827778,48.40944444,4.16,Per,G0Ib,
HR1306,52 Per,4.24813889,40.48388889,4.71,Per,G5Ib+A2V,
HR1311,47 Tau,4.23230556,9.26361111,4.84,Tau,G5III,
HR1318,39 Eri,4.23988889,-10.25638889,4.86,Eri,K3III,
HR1320,Mu Tau,4.25888889,8.89222222,4.28,Tau,B3IV,
HR1324,HR1324,4.30405556,50.29555556,4.61,,A2V,
HR1325,Omicron2 Eri,4.25452778,-7.65277778,4.43,Eri,K1V,
HR1326,Alpha Hor,4.23336111,-42.29444444,3.86,Hor,K1III,
HR1329,Omega2 Tau,4.28766667,20.57861111,4.95,Tau,A3m,
HR1336,Alpha Ret,4.24041667,-62.47388889,3.35,Ret,G8II-III,
HR1338,Gamma Dor,4.26711111,-51.48666667,4.25,Dor,F4III,
HR1343,54 Per,4.34016667,34.56666667,4.93,Per,G8III,
HR1346,Gamma Tau,4.32986111,15.62750000,3.65,Tau,K0-IIIabCN1,
HR1347,Upsilon4 Eri,4.29822222,-33.79833333,3.56,Eri,B9V,
HR1348,Phi Tau,4.33922222,27.35083333,4.95,Tau,K1III,
HR1350,53 Per,4.35919444,46.49888889,4.86,Per,B4IV,
HR1355,Epsilon Ret,4.27469444,-59.30194444,4.44,Ret,K2IVa,
HR1373,Delta1 Tau,4.38222222,17.54250000,3.76,Tau,K0IIICN0.5,
HR1380,Delta2 Tau,4.40158333,17.44388889,4.80,Tau,A7V,
HR1387,Kappa1 Tau,4.42280556,22.29388889,4.22,Tau,A7IV-V,
HR1389,Delta3 Tau,4.42480556,17.92805556,4.28,Tau,A2IV,
HR1392,Upsilon Tau,4.43844444,22.81361111,4.28,Tau,A8Vn,
HR1393,43 Eri,4.40058333,-34.01694444,3.96,Eri,K4III,
HR1394,71 Tau,4.43908333,15.61833333,4.50,Tau,F0V,
HR1396,Pi Tau,4.44344444,14.71361111,4.69,Tau,G7IIIaFe-1,
HR1407,75 Tau,4.47397222,16.35972222,4.97,Tau,K2IIIv,
HR1409,Epsilon Tau,4.47691667,19.18027778,3.54,Tau,G9.5IIICN0.5,
HR1411,Theta1 Tau,4.47622222,15.96222222,3.84,Tau,K0IIIbFe-0.5,
HR1412,Theta2 Tau,4.47769444,15.87083333,3.39,Tau,A7III,
HR1427,HR1427,4.50933333,16.19388889,4.78,,A6IV,
HR1437,45 Eri,4.53127778,-0.04416667,4.89,Eri,K3II-III,
HR1444,Rho Tau,4.56411111,14.84444444,4.65,Tau,A8V,
HR1453,Upsilon1 Eri,4.55850000,-29.76666667,4.51,Eri,K0IIICN-1,
HR1454,58 Per,4.61147222,41.26472222,4.26,Per,K4III+A3V,
HR1457,Aldebaran,4.59866667,16.50916667,0.86,Tau,K5III,
HR1458,88 Tau,4.59422222,10.16083333,4.25,Tau,A5m,
HR1463,Nu Eri,4.60530556,-3.35250000,3.92,Eri,B2III,
HR1464,Upsilon2 Eri,4.59250000,-30.56250000,3.82,Eri,G8IIIHdelta-1,
HR1465,Alpha Dor,4.56661111,-55.04500000,3.27,Dor,A0IIISi,
HR1473,90 Tau,4.63594444,12.51083333,4.27,Tau,A6V,
HR1479,Sigma2 Tau,4.65455556,15.91805556,4.70,Tau,A5Vn,
HR1481,53 Eri,4.63630556,-14.30416667,3.87,Eri,K2IIIb,
HR1496,54 Eri,4.67400000,-19.67166667,4.30,Eri,M4III,
HR1497,Tau Tau,4.70405556,22.95694444,4.29,Tau,B3V,
HR1502,Alpha Cae,4.67600000,-41.86388889,4.45,Cae,F2V,
HR1520,Mu Eri,4.75836111,-3.25472222,4.02,Eri,B5IV,
HR1533,HR1533,4.83183333,37.48833333,4.91,,K3.5IIIBa0.2:,
HR1542,Alpha Cam,4.90083333,66.34277778,4.29,Cam,O9.5Iae,
HR1543,Pi3 Ori,4.83063889,6.96138889,3.18,Ori,F6V,
HR1544,Pi2 Ori,4.84352778,8.90027778,4.35,Ori,A1Vn,
HR1551,2 Aur,4.87719444,36.70305556,4.77,Aur,K2.5IIIbBa0.4,
HR1552,Pi4 Ori,4.85341667,5.60500000,3.68,Ori,B2III+B2IV,
HR1556,Omicron1 Ori,4.87552778,14.25055556,4.74,Ori,S3.5/1-,
HR1560,Omega Eri,4.88155556,-5.45277778,4.39,Eri,F4III+A6III,
HR1567,Pi5 Ori,4.90416667,2.44055556,3.73,Ori,B3III+B0V,
HR1568,7 Cam,4.95475000,53.75222222,4.47,Cam,A1V,
HR1570,Pi1 Ori,4.91491667,10.15083333,4.67,Ori,A0V,
HR1577,Iota Aur,4.94988889,33.16611111,2.69,Aur,K3II,
HR1580,Omicron2 Ori,4.93950000,13.51444444,4.06,Ori,K2III,
HR1592,Omega Aur,4.98758333,37.89027778,4.95,Aur,A1V,
HR1601,Pi6 Ori,4.97577778,1.71416667,4.47,Ori,K2II,
HR1603,Beta Cam,5.05697222,60.44222222,4.02,Cam,G0Ib,
HR1605,Epsilon Aur,5.03280556,43.82333333,2.99,Aur,F0Iae,
HR1611,64 Eri,4.99880556,-12.53750000,4.78,Eri,F0IV,
HR1612,Zeta Aur,5.04127778,41.07583333,3.75,Aur,K4II+B8V,
HR1617,Psi Eri,5.02397222,-7.17388889,4.81,Eri,B3V,
HR1620,Iota Tau,5.05158333,21.59000000,4.64,Tau,A7V,
HR1621,HR1621,5.02375000,-20.05194444,4.92,,B9.5Vn,
HR1637,9 Aur,5.11127778,51.59777778,5.00,Aur,F0V,
HR1638,11 Ori,5.07613889,15.40388889,4.68,Ori,A0pSi,
HR1641,Eta Aur,5.10855556,41.23444444,3.18,Aur,B3V,
HR1652,Gamma1 Cae,5.07341667,-35.48333333,4.55,Cae,K3III,
HR1654,Epsilon Lep,5.09100000,-22.37111111,3.18,Lep,K5IIIv,
HR1656,104 Tau,5.12416667,18.64500000,5.00,Tau,G4V,
HR1666,Beta Eri,5.13080556,-5.08638889,2.79,Eri,A3III,
HR1674,Zeta Dor,5.09183333,-57.47277778,4.72,Dor,F7V,
HR1676,15 Ori,5.16163889,15.59722222,4.82,Ori,F2IV,
HR1679,Lambda Eri,5.15241667,-8.75416667,4.27,Eri,B2IVne,
HR1689,Mu Aur,5.22377778,38.48444444,4.88,Aur,A4m,
HR1696,Iota Lep,5.20494444,-11.86916667,4.44,Lep,B8V,
HR1698,Rho Ori,5.22150000,2.86111111,4.44,Ori,K3III,
HR1702,Mu Lep,5.21550000,-16.20555556,3.29,Lep,B9pHgMn,
HR1705,Kappa Lep,5.22050000,-12.94166667,4.36,Lep,B9V,
HR1708,Capella,5.27813889,45.99805556,0.08,Aur,G5IIIe+G0III,
HR1713,Rigel,5.24227778,-8.20166667,0.13,Ori,B8Iae:,
HR1726,16 Aur,5.30294444,33.37166667,4.54,Aur,K3III,
HR1729,Lambda Aur,5.31900000,40.09916667,4.71,Aur,G2IV-V,
HR1735,Tau Ori,5.29341667,-6.84444444,3.59,Ori,B5III,
HR1739,109 Tau,5.32125000,22.09638889,4.94,Tau,G8III,
HR1743,Omicron Col,5.29138889,-34.89527778,4.83,Col,K0IV,
HR1744,Theta Dor,5.22927778,-67.18555556,4.83,Dor,K2.5IIIa,
HR1756,Lambda Lep,5.32622222,-13.17694444,4.29,Lep,B0.5IV,
HR1762,HR1762,5.34077778,-21.23972222,4.71,,A0Vv,
HR1765,22 Ori,5.36269444,-0.38250000,4.74,Ori,B2IV-V,
HR1770,23 Ori,5.38052778,3.54444444,5.00,Ori,B1V,
HR1773,Sigma Aur,5.41086111,37.38555556,4.99,Aur,K4III,
HR1780,111 Tau,5.40705556,17.38333333,4.99,Tau,F8V,
HR1784,29 Ori,5.39911111,-7.80805556,4.12,Ori,G8IIICN-0.5,
HR1788,Eta Ori,5.40794444,-2.39694444,3.35,Ori,B1V+B2e,
HR1789,Psi1 Ori,5.41244444,1.84638889,4.96,Ori,B1Vpe,
HR1790,Bellatrix,5.41883333,6.34972222,1.64,Ori,B2III,
HR1791,Elnath,5.43819444,28.60750000,1.65,Tau,B7III,
HR1810,114 Tau,5.46055556,21.93694444,4.89,Tau,B2.5IV,
HR1811,Psi2 Ori,5.44727778,3.09555556,4.59,Ori,B2IV,
HR1829,Nihal,5.47075000,-20.75944444,2.84,Lep,G5II,
HR1834,31 Ori,5.49552778,-1.09222222,4.71,Ori,K5III,
HR1839,32 Ori,5.51305556,5.94805556,4.20,Ori,B5V,
HR1843,Chi Aur,5.54544444,32.19194444,4.79,Aur,B5Iab,
HR1845,119 Tau,5.53686111,18.59416667,4.33,Tau,M2Iab-Ib,
HR1852,Mintaka,5.53341667,-0.29916667,2.24,Ori,B0III+O9V,
HR1855,Upsilon Ori,5.53216667,-7.30166667,4.63,Ori,B0V,
HR1862,Epsilon Col,5.52019444,-35.47055556,3.87,Col,K1IIIa,
HR1865,Arneb,5.54547222,-17.82222222,2.57,Lep,F0Ib,
HR1876,Phi1 Ori,5.58033333,9.48944444,4.41,Ori,B0III,
HR1879,Lambda Ori,5.58561111,9.93416667,3.66,Ori,O8e,
HR1887,HR1887,5.58405556,-6.00194444,4.78,,B0.5V,
HR1892,42 Ori,5.58975000,-4.83833333,4.59,Ori,B1V,
HR1899,Iota Ori,5.59052778,-5.91000000,2.76,Ori,O9III,
HR1903,Alnilam,5.60352778,-1.20194444,1.69,Ori,B0Iae,
HR1907,Phi2 Ori,5.61508333,9.29055556,4.09,Ori,K0IIIbCN-2,
HR1910,Zeta Tau,5.62738889,21.14250000,3.03,Tau,B4IIIpe,
HR1922,Beta Dor,5.56041667,-62.49000000,3.76,Dor,F6Ia,
HR1931,Sigma Ori,5.64575000,-2.60000000,3.80,Ori,O9.5V,
HR1934,Omega Ori,5.65308333,4.12138889,4.59,Ori,B3IIIe,
HR1937,49 Ori,5.64805556,-7.21305556,4.81,Ori,A4V,
HR1946,126 Tau,5.68825000,16.53388889,4.86,Tau,B3IV,
HR1948,Zeta Ori,5.67930556,-1.94277778,2.05,Ori,O9.5Ibe,
HR1949,Zeta Ori,5.67930556,-1.94277778,4.21,Ori,B0III,
HR1952,HR1952,5.68072222,-1.12888889,4.95,,B2IV-V,
HR1956,Alpha Col,5.66080556,-34.07416667,2.65,Col,B7IVe,
HR1963,51 Ori,5.70794444,1.47472222,4.90,Ori,K1III,
HR1983,Gamma Lep,5.74105556,-22.44833333,3.60,Lep,F6V,
HR1995,Tau Aur,5.81955556,39.18111111,4.53,Aur,G8III,
HR1998,Zeta Lep,5.78258333,-14.82194444,3.54,Lep,A3Vn,
HR2002,132 Tau,5.81691667,24.56750000,4.86,Tau,G8IIIv,
HR2004,Saiph,5.79591667,-9.66972222,2.06,Ori,B0.5Iav,
HR2010,134 Tau,5.82580556,12.65111111,4.91,Tau,B9IV,
HR2011,Upsilon Aur,5.85066667,37.30555556,4.74,Aur,M0III-IIIbFe-0.5,
HR2012,Nu Aur,5.85813889,39.14861111,3.97,Aur,K0III*,
HR2015,Delta Dor,5.74625000,-65.73555556,4.35,Dor,A7V,
HR2020,Beta Pic,5.78808333,-51.06638889,3.85,Pic,A5V,
HR2029,Xi Aur,5.91408333,55.70694444,5.00,Aur,A2V,
HR2034,136 Tau,5.88877778,27.61222222,4.59,Tau,A0V,
HR2035,Delta Lep,5.85533333,-20.87916667,3.85,Lep,G8IIIwkCN*,
HR2037,56 Ori,5.87400000,1.85527778,4.78,Ori,K1.5IIb,
HR2040,Beta Col,5.84930556,-35.76833333,3.12,Col,K2III,
HR2042,Gamma Pic,5.83044444,-56.16666667,4.51,Pic,K1III,
HR2047,Chi1 Ori,5.90636111,20.27611111,4.41,Ori,G0V,
HR2056,Lambda Col,5.88522222,-33.80138889,4.87,Col,B5V,
HR2061,Betelgeuse,5.91952778,7.40694444,0.50,Ori,M1-2Ia-Iab,
HR2077,Delta Aur,5.99211111,54.28472222,3.72,Aur,K0III,
HR2084,139 Tau,5.96655556,25.95388889,4.82,Tau,B0.5II,
HR2085,Eta Lep,5.94005556,-14.16777778,3.72,Lep,F1III,
HR2087,Xi Col,5.92494444,-37.12083333,4.97,Col,K1III,
HR2088,Beta Aur,5.99213889,44.94750000,1.90,Aur,A2IV,
HR2091,Pi Aur,5.99891667,45.93694444,4.25,Aur,M3II,
HR2095,Theta Aur,5.99533333,37.21250000,2.62,Aur,A0pSi,
HR2102,HR2102,5.90169444,-63.08972222,4.65,,K1III-IV,
HR2106,Gamma Col,5.95894444,-35.28333333,4.36,Col,B2.5IV,
HR2113,HR2113,6.00091667,-3.07416667,4.52,,K2IIIv,
HR2120,Eta Col,5.98575000,-42.81527778,3.96,Col,K0III,
HR2124,Mu Ori,6.03972222,9.64750000,4.12,Ori,A2V,
HR2128,3 Mon,6.03063889,-10.59805556,4.94,Mon,B5III,
HR2134,1 Gem,6.06866667,23.26333333,4.15,Gem,G7III,
HR2135,Chi2 Ori,6.06533333,20.13833333,4.63,Ori,B2Iave,
HR2148,17 Lep,6.08305556,-16.48444444,4.93,Lep,A2eShell,
HR2155,Theta Lep,6.10258333,-14.93527778,4.67,Lep,A1Vn,
HR2159,Nu Ori,6.12619444,14.76833333,4.42,Ori,B3V,
HR2198,69 Ori,6.20091667,16.13055556,4.92,Ori,B5Vn,
HR2199,Xi Ori,6.19900000,14.20861111,4.48,Ori,B3IV,
HR2209,HR2209,6.31411111,69.32000000,4.80,,A0Vn,
HR2212,Delta Pic,6.17163889,-54.96861111,4.81,Pic,B3III+O9V,
HR2215,1 Lyn,6.29858333,61.51527778,4.98,Lyn,M3IIIab,
HR2216,Eta Gem,6.24794444,22.50666667,3.28,Gem,M3III,
HR2219,Kappa Aur,6.25627778,29.49805556,4.35,Aur,G8.5IIIb,
HR2227,Gamma Mon,6.24758333,-6.27472222,3.96,Mon,K3III,
HR2238,2 Lyn,6.32702778,59.01083333,4.48,Lyn,A2Vs,
HR2256,Kappa Col,6.27583333,-35.14055556,4.37,Col,K0III,
HR2275,HR2275,6.33319444,-2.94444444,4.90,,M1III,
HR2282,Zeta CMa,6.33852778,-30.06333333,3.02,CMa,B2.5V,
HR2286,Mu Gem,6.38266667,22.51361111,2.87,Gem,M3IIIab,
HR2289,Psi1 Aur,6.41494444,49.28805556,4.75,Aur,K5-M0Iab-Ib,
HR2294,Beta CMa,6.37830556,-17.95611111,1.97,CMa,B1II-III,
HR2296,Delta Col,6.36852778,-33.43638889,3.85,Col,G7II,
HR2298,Epsilon Mon,6.39611111,4.59277778,4.44,Mon,A5IV,
HR2326,Canopus,6.39922222,-52.69555556,-0.72,Car,F0II,
HR2343,Nu Gem,6.48269444,20.21194444,4.14,Gem,B6IIIe,
HR2356,Beta Mon,6.48025000,-7.03305556,4.60,Mon,B3Ve,
HR2361,Lambda CMa,6.46947222,-32.58027778,4.48,CMa,B4V,
HR2385,13 Mon,6.54838889,7.33277778,4.50,Mon,A0Ib,
HR2387,Xi1 CMa,6.53091667,-23.41833333,4.33,CMa,B0.5IV,
HR2414,Xi2 CMa,6.58425000,-22.96472222,4.54,CMa,A0V,
HR2421,Alhena,6.62852778,16.39916667,1.92,Gem,A0IV,
HR2427,Psi2 Aur,6.65550000,42.48888889,4.82,Aur,K3III,
HR2429,Nu2 CMa,6.61138889,-19.25611111,3.91,CMa,K1III,
HR2435,HR2435,6.58291667,-52.97555556,4.39,,A0II,
HR2443,Nu3 CMa,6.63147222,-18.23750000,4.42,CMa,K1III,
HR2450,HR2450,6.65461111,-14.14583333,4.82,,K2II,
HR2451,Nu Pup,6.62933333,-43.19583333,3.17,Pup,B8III,
HR2456,15 Mon,6.68294444,9.89555556,4.66,Mon,O7Ve,
HR2462,HR2462,6.64377778,-48.22027778,4.93,,G8III,
HR2470,12 Lyn,6.77058333,59.44166667,4.87,Lyn,A3V,
HR2473,Epsilon Gem,6.73219444,25.13111111,2.98,Gem,G8Ib,
HR2478,30 Gem,6.73311111,13.22777778,4.49,Gem,K0IIICN1Ca1,
HR2484,Xi Gem,6.75480556,12.89555556,3.36,Gem,F5III,
HR2491,Sirius,6.75247222,-16.71611111,-1.46,CMa,A1Vm,
HR2503,17 Mon,6.78883333,8.03722222,4.76,Mon,K4III,
HR2506,18 Mon,6.79766667,2.41222222,4.46,Mon,K0IIIBa0.1,
HR2527,HR2527,7.00111111,76.97750000,4.55,,K4III,
HR2538,Kappa CMa,6.83066667,-32.50861111,3.89,CMa,B1.5IVne,
HR2540,Theta Gem,6.87980556,33.96111111,3.60,Gem,A3III,
HR2549,HR2549,6.84786111,-34.36722222,4.99,,K5III,
HR2550,Alpha Pic,6.80316667,-61.94138889,3.27,Pic,A7IV,
HR2553,Tau Pup,6.83225000,-50.61472222,2.93,Pup,K1III,
HR2554,HR2554,6.83091667,-53.62222222,4.40,,G6II,
HR2560,15 Lyn,6.95458333,58.42250000,4.35,Lyn,G5III-IV,
HR2564,38 Gem,6.91072222,13.17777778,4.65,Gem,F0Vp,
HR2571,15 CMa,6.89244444,-20.22416667,4.83,CMa,B1IV,
HR2574,Theta CMa,6.90313889,-12.03861111,4.08,CMa,K4III,
HR2580,Omicron1 CMa,6.90216667,-24.18388889,3.87,CMa,K2Iab,
HR2585,16 Lyn,6.96027778,45.09416667,4.90,Lyn,A2Vn,
HR2590,Pi CMa,6.92702778,-20.13638889,4.69,CMa,F2,
HR2593,Mu CMa,6.93516667,-14.04361111,5.00,CMa,G5III+A2,
HR2596,Iota CMa,6.93558333,-17.05416667,4.37,CMa,B3II,
HR2608,HR2608,6.93777778,-48.72111111,4.95,,M1III,
HR2618,Adara,6.97708333,-28.97222222,1.50,CMa,B2II,
HR2646,Sigma CMa,7.02863889,-27.93500000,3.43,CMa,K7Ib,
HR2648,19 Mon,7.04850000,-4.23916667,5.00,Mon,B1V,
HR2650,Zeta Gem,7.06847222,20.57027778,3.79,Gem,F7-G3Ib,
HR2653,Omicron2 CMa,7.05038889,-23.83333333,3.01,CMa,B3Iab,
HR2657,Gamma CMa,7.06261111,-15.63333333,4.11,CMa,B8II,
HR2672,HR2672,7.06491667,-49.58388889,4.93,,A4IV,
HR2693,Delta CMa,7.13983333,-26.39305556,1.84,CMa,F8Ia,
HR2696,63 Aur,7.19425000,39.32055556,4.99,Aur,K4III-IIIa,
HR2697,Tau Gem,7.18563889,30.24527778,4.42,Gem,K2III,
HR2701,20 Mon,7.17044444,-4.23722222,4.92,Mon,K0III,
HR2702,HR2702,7.14750000,-39.65583333,4.83,,B2IV-V,
HR2714,Delta Mon,7.19772222,-0.49277778,4.15,Mon,A2V,
HR2717,51 Gem,7.22283333,16.15888889,5.00,Gem,M4IIIab,
HR2736,Gamma2 Vol,7.14583333,-70.49916667,3.78,Vol,K0III,
HR2740,HR2740,7.20933333,-46.75944444,4.49,,F0IV,
HR2742,HR2742,7.51791667,82.41166667,4.96,,M4IIIa,
HR2745,27 CMa,7.23752778,-26.35250000,4.65,CMa,B3IIIe,
HR2746,HR2746,7.22036111,-45.18305556,4.89,,A0pSi,
HR2749,Omega CMa,7.24683333,-26.77277778,3.82,CMa,B2IV-Ve,
HR2762,HR2762,7.24391667,-48.27166667,4.76,,B8-9V,
HR2763,Lambda Gem,7.30152778,16.54027778,3.58,Gem,A3V,
HR2764,HR2764,7.27686111,-23.31555556,4.79,,K3Ib,
HR2766,HR2766,7.27636111,-27.88111111,4.60,,M3III,
HR2773,Pi Pup,7.28569444,-37.09750000,2.70,Pup,K3Ib,
HR2777,Delta Gem,7.33536111,21.98222222,3.53,Gem,F2IV,
HR2781,29 CMa,7.31119444,-24.55888889,4.95,CMa,O7e+O7:,
HR2782,Tau CMa,7.31177778,-24.95416667,4.40,CMa,O9Ib,
HR2787,HR2787,7.30511111,-36.73416667,4.67,,B2V+B3IVne,
HR2803,Delta Vol,7.28050000,-67.95750000,3.98,Vol,F6II,
HR2812,HR2812,7.37041667,-19.01666667,4.96,,B7IV,
HR2818,21 Lyn,7.44522222,49.21166667,4.63,Lyn,A1V,
HR2821,Iota Gem,7.42875000,27.79805556,3.79,Gem,G9IIIbHdelta-1,
HR2827,Eta CMa,7.40155556,-29.30305556,2.44,CMa,B5Ia,
HR2828,Epsilon CMi,7.42744444,9.27611111,4.99,CMi,G6.5IIb,
HR2845,Beta CMi,7.45250000,8.28916667,2.89,CMi,B8Ve,
HR2852,Rho Gem,7.48516667,31.78444444,4.18,Gem,F0V,
HR2854,Gamma CMi,7.46936111,8.92555556,4.30,CMi,K3III,
HR2864,6 CMi,7.49658333,12.00666667,4.55,CMi,K1IIIBa0.5,
HR2874,HR2874,7.49761111,-23.02444444,4.86,,A5Ib,
HR2878,Sigma Pup,7.48716667,-43.30138889,3.25,Pup,K5III,
HR2881,HR2881,7.51180556,-30.96222222,4.65,,G3Ib,
HR2890,Castor,7.57663889,31.88833333,1.58,Gem,A2Vm,
HR2891,Alpha Gem,7.57663889,31.88833333,1.58,Gem,A1V,
HR2902,HR2902,7.56327778,-14.52388889,4.98,,M2Iabpe+B2V,
HR2905,Upsilon Gem,7.59869444,26.89555556,4.06,Gem,M0III-IIIb,
HR2906,HR2906,7.56752778,-22.29611111,4.45,,F6IV,
HR2922,HR2922,7.58966667,-28.36944444,4.63,,B8V,
HR2930,Omicron Gem,7.65275000,34.58444444,4.91,Gem,F3III,
HR2934,HR2934,7.59436111,-52.53388889,4.94,,K3III,
HR2937,HR2937,7.62277778,-34.96833333,4.53,,B8IV,
HR2943,Procyon,7.65502778,5.22500000,0.37,CMi,F5IV-V,
HR2944,HR2944,7.63830556,-25.36500000,4.70,,B8IV,
HR2946,24 Lyn,7.71677778,58.71027778,4.99,Lyn,A3IVn,
HR2948,HR2948,7.64702778,-26.80194444,4.50,,B6V,
HR2949,HR2949,7.64713889,-26.80361111,4.62,,B5IVn,
HR2959,HR2959,7.67308333,-15.26361111,4.96,,K3II,
HR2961,HR2961,7.65758333,-38.30833333,4.85,,B2.5V,
HR2970,Alpha Mon,7.68744444,-9.55111111,3.93,Mon,K0III,
HR2973,Sigma Gem,7.72186111,28.88333333,4.29,Gem,K1III,
HR7259,Beta CrA,19.16711111,-39.34083333,4.11,CrA,K0II,
HR2985,Kappa Gem,7.74077778,24.39805556,3.57,Gem,G8IIIa,
HR2990,Pollux,7.75525000,28.02611111,1.14,Gem,K0IIIb,
HR2993,1 Pup,7.72563889,-28.41111111,4.59,Pup,K3Ib,
HR2996,3 Pup,7.73011111,-28.95500000,3.95,Pup,A2Iabe,
HR3003,81 Gem,7.76872222,18.51000000,4.87,Gem,K5III,
HR3017,HR3017,7.75422222,-37.96861111,3.61,,K2.5Ib-II,
HR3024,Zeta Vol,7.69702778,-72.60611111,3.95,Vol,K0III,
HR3034,Omicron Pup,7.80141667,-25.93722222,4.49,Pup,B0V:pe:,
HR3045,Xi Pup,7.82155556,-24.85972222,3.30,Pup,G3Ib,
HR3046,HR3046,7.80561111,-47.07777778,4.71,,K0III,
HR3055,HR3055,7.82063889,-46.37333333,4.11,,B0III,
HR3067,Phi Gem,7.89158333,26.76583333,4.98,Gem,A3V,
HR3080,HR3080,7.87027778,-40.57583333,3.73,,K1-2II+a,
HR3084,HR3084,7.87738889,-38.86305556,4.49,,B2.5V,
HR3089,HR3089,7.88436111,-49.61305556,4.63,,B1.5Vp,
HR3090,HR3090,7.88838889,-48.10305556,4.24,,B0.5Ib,
HR3102,11 Pup,7.94763889,-22.88027778,4.20,Pup,F7II,
HR3113,HR3113,7.96113889,-30.33444444,4.79,,A2Vv,
HR3117,Chi Car,7.94630556,-52.98222222,3.47,Car,B3IVp,
HR3122,27 Mon,7.99558333,-3.67972222,4.93,Mon,K2III,
HR3129,HR3129,7.97063889,-49.24500000,4.41,,B1Vp+B3IV:,
HR3131,HR3131,7.99777778,-18.39944444,4.61,,A2Vn,
HR3141,28 Mon,8.02033333,-1.39250000,4.67,Mon,K4III,
HR3145,HR3145,8.03775000,2.33444444,4.38,,K2III,
HR3149,Chi Gem,8.05861111,27.79416667,4.94,Gem,K2III,
HR3159,HR3159,8.00555556,-63.56750000,4.82,,B3V,
HR3165,Naos,8.05972222,-40.00305556,2.25,Pup,O5Iaf,
HR3173,27 Lyn,8.14094444,51.50666667,4.84,Lyn,A2V,
HR3185,Rho Pup,8.12572222,-24.30416667,2.81,Pup,F6IIpdeltaDel,
HR3188,Zeta Mon,8.14322222,-2.98388889,4.33,Mon,G2Ib,
HR3192,16 Pup,8.15041667,-19.24500000,4.40,Pup,B5IV,
HR3206,Gamma1 Vel,8.15811111,-47.34555556,4.27,Vel,B1IV,
HR3207,Gamma2 Vel,8.15886111,-47.33666667,1.83,Vel,WC8+O7.5e,
HR3211,19 Pup,8.18783333,-12.92694444,4.72,Pup,G9III-IIIb,
HR3220,HR3220,8.15019444,-61.30194444,4.76,,F5V,
HR3223,Epsilon Vol,8.13219444,-68.61722222,4.35,Vol,B6IV,
HR3225,HR3225,8.18930556,-39.61861111,4.42,,K3Ib,
HR3226,HR3226,8.19052778,-42.98722222,4.75,,A5Ib,
HR3229,20 Pup,8.22219444,-15.78833333,5.01,Pup,G5II,
HR3237,HR3237,8.22486111,-35.89972222,4.77,,B1.5IIIe,
HR3243,HR3243,8.23411111,-40.34805556,4.44,,K1II-III,
HR3249,Beta Cnc,8.27525000,9.18555556,3.54,Cnc,K4IIIBa0.5,
HR3270,HR3270,8.30925000,-36.65944444,4.45,,A7III,
HR3275,31 Lyn,8.38058333,43.18805556,4.25,Lyn,K4.5III-IIIb,
HR3294,HR3294,8.37541667,-48.49027778,4.82,,B1V,
HR3307,Epsilon Car,8.37522222,-59.50944444,1.86,Car,K3III+B2:V,
HR3314,HR3314,8.42766667,-3.90638889,3.90,,A0V,
HR3318,Alpha Cha,8.30880556,-76.91972222,4.07,Cha,F5III,
HR3323,Omicron UMa,8.50438889,60.71805556,3.42,UMa,G5III,
HR3340,Theta Cha,8.34408333,-77.48444444,4.35,Cha,K1III,
HR3347,Beta Vol,8.42897222,-66.13694444,3.77,Vol,K1III,
HR3359,HR3359,8.49097222,-44.72500000,4.99,,B2IV,
HR3403,Pi2 UMa,8.67025000,64.32805556,4.61,UMa,K1IIIbCN-0.5,
HR3410,Delta Hya,8.62758333,5.70361111,4.17,Hya,A1Vnn,
HR3414,HR3414,8.58877778,-58.00916667,4.86,,K0III,
HR3418,Sigma Hya,8.64594444,3.34138889,4.43,Hya,K2III,
HR3426,HR3426,8.62738889,-42.98916667,4.14,,A6II,
HR3431,6 Hya,8.66705556,-12.47555556,4.98,Hya,K4III,
HR3433,Zeta Pyx,8.66180556,-29.56111111,4.89,Pyx,G4III,
HR3438,Beta Pyx,8.66838889,-35.30805556,3.98,Pyx,G7Ib-II,
HR3441,9 Hya,8.69533333,-15.94333333,4.88,Hya,G9.5III,
HR3445,HR3445,8.67711111,-46.64861111,3.81,,F3Ia,
HR3447,Omicron Vel,8.67155556,-52.92194444,3.60,Vel,B3IV,
HR3449,Gamma Cnc,8.72141667,21.46833333,4.66,Cnc,A1IV,
HR3452,HR3452,8.68694444,-47.31694444,4.77,,A5II,
HR3454,Eta Hya,8.72038889,3.39861111,4.30,Hya,B3V,
HR3457,HR3457,8.67694444,-59.76111111,4.33,,B1.5III,
HR3459,HR3459,8.72788889,-7.23361111,4.62,,G1Ib,
HR3461,Delta Cnc,8.74472222,18.15416667,3.94,Cnc,K0III-IIIb,
HR3467,HR3467,8.70705556,-53.11388889,4.86,,B3IV,
HR3468,Alpha Pyx,8.72652778,-33.18638889,3.68,Pyx,B1.5III,
HR3475,Iota Cnc,8.77827778,28.76000000,4.02,Cnc,G7.5IIIaBa0.1,
HR3477,HR3477,8.73997222,-42.64916667,4.07,,G5III,
HR3482,Epsilon Hya,8.77958333,6.41888889,3.38,Hya,G5III,
HR3484,12 Hya,8.77291667,-13.54777778,4.32,Hya,G8IIIbCN-0.5,
HR3485,Delta Vel,8.74505556,-54.70833333,1.96,Vel,A1V,
HR3487,HR3487,8.76713889,-46.04166667,3.91,,A1III,
HR3492,Rho Hya,8.80719444,5.83777778,4.37,Hya,A0Vn,
HR3498,HR3498,8.77852778,-56.76972222,4.49,,B3Vne,
HR3518,Gamma Pyx,8.84219444,-27.71000000,4.01,Pyx,K3III,
HR3520,HR3520,8.82991667,-45.30777778,4.93,,A2III,
HR3547,Zeta Hya,8.92322222,5.94555556,3.10,Hya,G9II-III,
HR3556,Delta Pyx,8.92541667,-27.68194444,4.89,Pyx,A3IV,
HR3569,Iota UMa,8.98677778,48.04166667,3.14,UMa,A7IV,
HR3571,HR3571,8.91744444,-60.64444444,3.84,,B8-9II,
HR3572,Alpha Cnc,8.97477778,11.85777778,4.26,Cnc,A5m,
HR3574,HR3574,8.93872222,-52.72361111,4.69,,B5V,
HR3576,Rho UMa,9.04241667,67.62972222,4.76,UMa,M3III-IIIbCa1,
HR3579,HR3579,9.01063889,41.78277778,3.97,,F5V,
HR3582,HR3582,8.94952778,-59.22944444,4.92,,B2IV-V,
HR3591,HR3591,9.00150000,-41.25388889,4.45,,G8-K1III+A,
HR3594,Kappa UMa,9.06041667,47.15666667,3.60,UMa,A1Vn,
HR3612,HR3612,9.10880556,38.45222222,4.58,,G7Ib-II,
HR3613,Omega Hya,9.09952778,5.09222222,4.89,Hya,K2II-III,
HR3614,HR3614,9.06922222,-47.09777778,3.75,,K2III,
HR3615,Alpha Vol,9.04080556,-66.39611111,4.00,Vol,A2-3IVm,
HR3616,Sigma2 UMa,9.17308333,67.13444444,4.81,UMa,F6IV,
HR3619,15 UMa,9.14783333,51.60444444,4.48,UMa,Am,
HR3624,Tau UMa,9.18194444,63.51361111,4.67,UMa,Am,
HR3628,Kappa Pyx,9.13411111,-25.85833333,4.56,Pyx,K4III,
HR3634,Lambda Vel,9.13325000,-43.43250000,2.21,Vel,K4Ib-II,
HR3642,HR3642,9.09400000,-70.53861111,4.57,,B2IVe,
HR3643,HR3643,9.08591667,-72.60277778,4.48,,F9II,
HR3654,HR3654,9.18452778,-44.86777778,5.00,,B5Ia,
HR3659,HR3659,9.18275000,-58.96694444,3.45,,B2IV-V,
HR3662,18 UMa,9.26980556,54.02166667,4.84,UMa,A5V,
HR3663,HR3663,9.18797222,-62.31722222,3.98,,B3III,
HR3665,Theta Hya,9.23938889,2.31416667,3.88,Hya,B9.5V,
HR3682,HR3682,9.26019444,-38.57000000,4.94,,K0III,
HR3684,HR3684,9.26252778,-37.41333333,4.62,,F5III,
HR3685,Beta Car,9.22002778,-69.71722222,1.69,Car,A2IV,
HR3690,38 Lyn,9.31405556,36.80250000,3.82,Lyn,A3V,
HR3696,HR3696,9.27005556,-57.54111111,4.34,,M1III,
HR3699,Iota Car,9.28483333,-59.27527778,2.25,Car,A8Ib,
HR3705,Alpha Lyn,9.35088889,34.39250000,3.14,Lyn,K7IIIab,
HR3706,26 Hya,9.32952778,-11.97500000,4.81,Hya,G8III,
HR3709,27 Hya,9.34136111,-9.55583333,4.79,Hya,G8III-IV+F5V,
HR3718,Theta Pyx,9.35822222,-25.96555556,4.72,Pyx,M1III,
HR3728,HR3728,9.34919444,-62.40472222,4.81,,G6III,
HR3731,Kappa Leo,9.41088889,26.18222222,4.46,Leo,K2III,
HR3733,Lambda Pyx,9.38669444,-28.83388889,4.68,Pyx,G8.5IIICN-1.5*,
HR3734,Kappa Vel,9.36855556,-55.01055556,2.50,Vel,B2IV-V,
HR3748,Alphard,9.45977778,-8.65861111,1.97,Hya,K3II-III,
HR3749,HR3749,9.45508333,-22.34388889,4.68,,K3III,
HR3751,HR3751,9.61811111,81.32638889,4.30,,K3III,
HR3757,23 UMa,9.52547222,63.06194444,3.67,UMa,F0IV,
HR3759,Tau1 Hya,9.48577778,-2.76888889,4.61,Hya,F6V,
HR3765,Epsilon Ant,9.48741667,-35.95166667,4.51,Ant,K3IIIa,
HR3771,24 UMa,9.57466667,69.83027778,4.57,UMa,G4III-IV,
HR3773,Lambda Leo,9.52863889,22.96777778,4.31,Leo,K5III,
HR3775,Theta UMa,9.54758333,51.67722222,3.18,UMa,F6IV,
HR3782,Xi Leo,9.53241667,11.29972222,4.97,Leo,K0III-IIIb,
HR3786,Psi Vel,9.51163889,-40.46666667,3.60,Vel,F3IV+F0IV,
HR3787,Tau2 Hya,9.53302778,-1.18472222,4.57,Hya,A3V,
HR3799,26 UMa,9.58038889,52.05138889,4.51,UMa,A2V,
HR3800,10 LMi,9.57036111,36.39750000,4.55,LMi,G8.5III,
HR3803,HR3803,9.52036111,-57.03444444,3.13,,K5III,
HR3809,HR3809,9.58438889,39.62138889,4.81,,K0III,
HR3825,HR3825,9.57405556,-59.22944444,4.09,,B5II,
HR3827,10 Leo,9.62016667,6.83583333,5.00,Leo,K1IIIv,
HR3834,HR3834,9.64088889,4.64916667,4.68,,K3III,
HR3836,HR3836,9.61380556,-49.35500000,4.35,,A5IV-V,
HR3845,Iota Hya,9.66425000,-1.14277778,3.91,Hya,K2.5III-IIIbBa0.3,
HR3852,Omicron Leo,9.68583333,9.89222222,3.52,Leo,A5V+F6II,
HR3856,HR3856,9.65583333,-61.32805556,4.53,,B9IV-V,
HR3858,HR3858,9.68802778,-23.59166667,4.76,,B6Ve,
HR3862,HR3862,9.70400000,-23.91555556,4.91,,F9IV,
HR3871,Theta Ant,9.73669444,-27.76944444,4.79,Ant,A8V+F7II-III,
HR3873,Epsilon Leo,9.76416667,23.77416667,2.98,Leo,G1II,
HR3884,HR3884,9.75411111,-62.50777778,3.69,,G5Iab-Ib,
HR3888,Upsilon UMa,9.84980556,59.03861111,3.81,UMa,F2IV,
HR3890,Upsilon Car,9.78502778,-65.07166667,2.96,Car,A8Ib,
HR3894,Phi UMa,9.86841667,54.06416667,4.60,UMa,A3IV,
HR3903,Upsilon1 Hya,9.85794444,-14.84666667,4.11,Hya,G7-III-IIIb,
HR3905,Mu Leo,9.87938889,26.00694444,3.88,Leo,K2IIIbCN1Ca1Ba-1,
HR3912,HR3912,9.86130556,-46.54777778,4.58,,G5Ib,
HR3919,HR3919,9.90338889,-25.93194444,4.88,,K3III,
HR3923,HR3923,9.91447222,-19.00944444,4.94,,M1III,
HR3940,Phi Vel,9.94769444,-54.56777778,3.53,Vel,B5Ib,
HR3950,Pi Leo,10.00352778,8.04416667,4.70,Leo,M2IIIab,
HR3970,Upsilon2 Hya,10.08538889,-13.06472222,4.59,Hya,B9III-IV,
HR3974,21 LMi,10.12380556,35.24472222,4.49,LMi,A7V,
HR3975,Eta Leo,10.12219444,16.76250000,3.41,Leo,A0Ib,
HR3980,31 Leo,10.13172222,9.99750000,4.38,Leo,K3.5IIIbFe-I,
HR3981,Alpha Sex,10.13227778,-0.37166667,4.50,Sex,A0III,
HR3982,Regulus,10.13952778,11.96722222,1.35,Leo,B7V,
HR3990,HR3990,10.14894444,-51.81111111,4.87,,B3IV,
HR3994,Lambda Hya,10.17644444,-12.35416667,3.61,Hya,K0IIICN1,
HR4023,HR4023,10.24558333,-42.12194444,3.85,,A2V,
HR4031,Zeta Leo,10.27813889,23.41722222,3.41,Leo,F0III,
HR4033,Lambda UMa,10.28491667,42.91444444,3.45,UMa,A2IV,
HR4037,Omega Car,10.22897222,-70.03777778,3.33,Car,B8IIIe,
HR4050,HR4050,10.28469444,-61.33222222,3.40,,K3IIa,
HR4054,40 Leo,10.32891667,19.47083333,4.80,Leo,F6IV,
HR4057,Gamma1 Leo,10.33286111,19.84166667,2.61,Leo,K1-IIIbCN-0.5,
HR4058,Gamma2 Leo,10.33294444,19.84027778,3.80,Leo,G7IIICN-I,
HR4063,HR4063,10.32688889,-55.02944444,4.57,,K3II,
HR4069,Mu UMa,10.37213889,41.49944444,3.05,UMa,M0III,
HR4072,HR4072,10.40216667,65.56638889,4.99,,A0pSiSr:Hg:,
HR4074,HR4074,10.34872222,-56.04333333,4.50,,B3IIIe,
HR4080,HR4080,10.37208333,-41.65000000,4.83,,K1III,
HR4089,HR4089,10.38280556,-66.90166667,4.99,,B8V,
HR4090,30 LMi,10.43188889,33.79611111,4.74,LMi,F0V,
HR4094,Mu Hya,10.43483333,-16.83638889,3.79,Hya,K4.5III,
HR4100,Beta LMi,10.46469444,36.70722222,4.21,LMi,G9IIIab,
HR4102,HR4102,10.40658333,-74.03166667,4.00,,F2IV,
HR4104,Alpha Ant,10.45252778,-31.06777778,4.25,Ant,K4III,
HR4110,HR4110,10.45677778,-57.63888889,4.66,,A9Ia,
HR4112,36 UMa,10.51041667,55.98055556,4.84,UMa,F8V,
HR4114,HR4114,10.46463889,-58.73944444,3.81,,F2II,
HR4126,HR4126,10.58486111,75.71277778,4.84,,G8.5III,
HR4132,HR4132,10.55383333,40.42527778,4.75,,A7IV,
HR4133,Rho Leo,10.54683333,9.30666667,3.85,Leo,B1Ib,
HR4134,HR4134,10.52272222,-53.71555556,4.89,,F6V,
HR4138,HR4138,10.50555556,-71.99277778,4.75,,A1V,
HR4140,HR4140,10.53372222,-61.68527778,3.32,,B4Vne,
HR4142,HR4142,10.51722222,-73.22166667,4.93,,K4-5III,
HR4159,HR4159,10.59311111,-57.55750000,4.45,,K3-4II,
HR4162,HR4162,10.62047222,-27.41277778,4.89,,M2III,
HR4163,HR4163,10.62586111,-13.38444444,4.82,,C5II,
HR4166,37 LMi,10.64533333,31.97611111,4.72,LMi,G2IIa,
HR4167,HR4167,10.62166667,-48.22583333,3.84,,F4IV+F3,
HR4171,Phi3 Hya,10.64302778,-16.87666667,4.91,Hya,G7.5IIICN-0.5,
HR4174,Gamma Cha,10.59113889,-78.60750000,4.11,Cha,M0III,
HR4177,HR4177,10.64586111,-59.18305556,4.66,,K4-5III:,
HR4180,HR4180,10.65508333,-55.60333333,4.28,,G2-3Ib,
HR4181,HR4181,10.71777778,69.07611111,5.00,,K3III-IIIb,
HR4196,HR4196,10.70388889,-64.46611111,4.82,,B4V,
HR4199,Theta Car,10.71594444,-64.39444444,2.77,Car,B0Vp,
HR4200,HR4200,10.72558333,-60.56638889,4.58,,K4III,
HR4205,HR4205,10.73525000,-63.96111111,4.83,,B5Vn,
HR4216,Mu Vel,10.77947222,-49.42000000,2.69,Vel,G5III+G2V,
HR4222,HR4222,10.78088889,-64.38333333,4.86,,B3IV,
HR4232,Nu Hya,10.82705556,-16.19361111,3.11,Hya,K2III,
HR4234,Delta2 Cha,10.76294444,-80.54000000,4.46,Cha,B2.5IV,
HR4247,46 LMi,10.88850000,34.21472222,3.83,LMi,K0III-IV,
HR4248,Omega UMa,10.89963889,43.19000000,4.71,UMa,A1Vs,
HR4257,HR4257,10.89155556,-58.85333333,3.78,,K1III,
HR4259,54 Leo,10.92686111,24.74972222,4.50,Leo,A1V,
HR4273,Iota Ant,10.94527778,-37.13777778,4.60,Ant,K1III,
HR4287,Alpha Crt,10.99622222,-18.29888889,4.07,Crt,K0III,
HR4291,58 Leo,11.00933333,3.61750000,4.84,Leo,K1IIICN-0.5,
HR4293,HR4293,11.00255556,-42.22583333,4.39,,A3IV,
HR4294,59 Leo,11.01241667,6.10138889,4.99,Leo,A5III,
HR4295,Merak,11.03066667,56.38222222,2.37,UMa,A1V,
HR4299,61 Leo,11.03044444,-2.48444444,4.75,Leo,M0III,
HR4300,60 Leo,11.03880556,20.17972222,4.42,Leo,A1m,
HR4301,Dubhe,11.06211111,61.75083333,1.79,UMa,K0IIIa,
HR4310,Chi Leo,11.08361111,7.33611111,4.63,Leo,F2III-IVv,
HR4314,Chi1 Hya,11.08886111,-27.29333333,4.94,Hya,F3IV,
HR4325,HR4325,11.10900000,-62.42388889,4.61,,G8III,
HR4335,Psi UMa,11.16102778,44.49833333,3.01,UMa,K1III,
HR4337,HR4337,11.14313889,-58.97500000,3.83,,G40-Ia,
HR4343,Beta Crt,11.19427778,-22.82583333,4.48,Crt,A2III,
HR4352,HR4352,11.21000000,-60.31750000,4.62,,A6Iae,
HR4357,Delta Leo,11.23511111,20.52361111,2.56,Leo,A4V,
HR4359,Theta Leo,11.23730556,15.42944444,3.35,Leo,A2V,
HR4362,72 Leo,11.25338889,23.09555556,4.63,Leo,M3IIb,
HR4368,Phi Leo,11.27766667,-3.65166667,4.47,Leo,A7IVn,
HR4374,Xi UMa,11.30302778,31.52916667,4.87,UMa,G0V,
HR4375,Xi UMa,11.30302778,31.52916667,4.41,UMa,G0V,
HR4377,Nu UMa,11.30797222,33.09416667,3.49,UMa,K3IIIBa0.3,
HR4380,55 UMa,11.31883333,38.18555556,4.79,UMa,A2V,
HR4382,Delta Crt,11.32233333,-14.77861111,3.56,Crt,G8III-IV,
HR4386,Sigma Leo,11.35225000,6.02944444,4.05,Leo,B9.5Vs,
HR4390,Pi Cen,11.35011111,-54.49083333,3.90,Cen,B5Vn,
HR4392,56 UMa,11.38041667,43.48277778,5.03,UMa,G7.5IIIa:Ba0.3,
HR4396,HR4396,11.38680556,-36.16500000,5.00,,K6III,
HR4399,Iota Leo,11.39872222,10.52916667,3.94,Leo,F4IV,
HR4402,Epsilon Crt,11.41013889,-10.85944444,4.83,Crt,K5III,
HR4405,Gamma Crt,11.41466667,-17.68416667,4.08,Crt,A5V,
HR4418,Tau Leo,11.46561111,2.85611111,4.91,Leo,G8II-III,
HR4432,87 Leo,11.50522222,-3.00361111,4.77,Leo,K3.5III-IIIbFe-1,
HR4434,Lambda Dra,11.52338889,69.33111111,3.85,Dra,M0IIICa-I,
HR4450,Xi Hya,11.55002778,-31.85750000,3.54,Hya,G7III,
HR4460,HR4460,11.57933333,-54.26416667,4.62,,B9Ve,
HR4467,Lambda Cen,11.59633333,-63.01972222,3.13,Cen,B9III,
HR4468,Theta Crt,11.61133333,-9.80222222,4.70,Crt,B9.5Vn,
HR4471,Upsilon Leo,11.61580556,-0.82388889,4.30,Leo,G8.5IIICN-0.5,
HR4494,Omicron Hya,11.67019444,-34.74472222,4.70,Hya,B9V,
HR4499,HR4499,11.68155556,-62.08972222,4.94,,G3Ib,
HR4514,Zeta Crt,11.74602778,-18.35083333,4.72,Crt,G8IIIa,
HR4515,Xi Vir,11.75472222,8.25833333,4.85,Vir,A4V,
HR4517,Nu Vir,11.76430556,6.52944444,4.04,Vir,M1IIIab,
HR4518,Chi UMa,11.76750000,47.77944444,3.72,UMa,K2III,
HR4520,Lambda Mus,11.76011111,-66.72861111,3.64,Mus,A7III,
HR4522,HR4522,11.77519444,-61.17833333,4.10,,G5Ib-II,
HR4523,HR4523,11.77527778,-40.50027778,4.88,,G5V,
HR4527,93 Leo,11.79975000,20.21888889,4.53,Leo,A7V+G5III-IVe,
HR4530,Mu Mus,11.80400000,-66.81472222,4.72,Mus,K4III,
HR4534,Denebola,11.81763889,14.57194444,2.14,Leo,A3V,
HR4537,HR4537,11.82805556,-63.78833333,4.34,,B3Vne,
HR4538,HR4538,11.83230556,-70.22555556,4.98,,G6Ib,
HR4540,Beta Vir,11.84488889,1.76472222,3.60,Vir,F9V,
HR4546,HR4546,11.85225000,-45.17388889,4.46,,K3III,
HR4549,HR4549,11.86422222,-65.20611111,4.91,,B4V,
HR4552,Beta Hya,11.88180556,-33.90777778,4.28,Hya,B9IIIpSi,
HR4554,Phecda,11.89716667,53.69472222,2.44,UMa,A0Ve,
HR4583,Epsilon Cha,11.99369444,-78.22166667,4.91,Cha,B9Vn,
HR4589,Pi Vir,12.01452778,6.61416667,4.67,Vir,A5V,
HR4599,Theta1 Cru,12.05041667,-63.31277778,4.34,Cru,Am,
HR4603,Theta2 Cru,12.07200000,-63.16555556,4.73,Cru,B2IV,
HR4608,Omicron Vir,12.08680556,8.73305556,4.12,Vir,G8IIIaCN-1Ba1CH1,
HR4616,Eta Cru,12.11466667,-64.61361111,4.15,Cru,F2III,
HR4618,HR4618,12.13475000,-50.66111111,4.47,,B6IIIe,
HR4621,Delta Cen,12.13930556,-50.72222222,2.60,Cen,B2IVne,
HR4623,Alpha Crv,12.14019444,-24.72888889,4.02,Crv,F2III-IV,
HR4630,Epsilon Crv,12.16872222,-22.61972222,2.98,Crv,K2.5IIIaBa0.2:,
HR4638,Rho Cen,12.19419444,-52.36833333,3.96,Cen,B3V,
HR4656,Delta Cru,12.25238889,-58.74888889,2.79,Cru,B2IV,
HR4660,Megrez,12.25708333,57.03250000,3.31,UMa,A3V,
HR4662,Gamma Crv,12.26341667,-17.54194444,2.58,Crv,B8IIIpHgMn,
HR4667,7 Com,12.27236111,23.94527778,4.95,Com,G8IIICN-0.5,
HR4668,HR4668,12.27502778,33.06138889,4.98,,K0.5IIIb,
HR4671,Epsilon Mus,12.29283333,-67.96055556,4.02,Mus,M5III,
HR4674,Beta Cha,12.30575000,-79.31194444,4.26,Cha,B5Vn,
HR4679,Zeta Cru,12.30725000,-64.00305556,4.05,Cru,B2.5V,
HR4682,HR4682,12.31658333,-55.14305556,5.00,,M1III,
HR4689,Eta Vir,12.33175000,-0.66666667,3.90,Vir,A2IV,
HR4695,16 Vir,12.33913889,3.31250000,4.96,Vir,"K0IIIbCN-1,4143+1",
HR4697,11 Com,12.34525000,17.79277778,4.74,Com,G8III,
HR4700,Epsilon Cru,12.35597222,-60.40111111,3.59,Cru,K3-4III,
HR4707,12 Com,12.37505556,25.84611111,4.81,Com,G0III-IV+A3V,
HR4716,5 CVn,12.40038889,51.56222222,4.80,CVn,G6IIIBa0.2,
HR4729,HR4729,12.44191667,-63.12250000,4.86,,B4IV,
HR4730,Acrux,12.44330556,-63.09888889,1.58,Cru,B0.5IV,
HR4731,Alpha2 Cru,12.44347222,-63.09944444,2.09,Cru,B1V,
HR4732,HR4732,12.44208333,-51.45055556,4.83,,B3Vn,
HR4733,14 Com,12.44000000,27.26805556,4.95,Com,F0p,
HR4737,Gamma Com,12.44894444,28.26833333,4.36,Com,K2IIICN+1,
HR4738,16 Com,12.44980556,26.82555556,4.99,Com,A4V,
HR4743,Sigma Cen,12.46730556,-50.23083333,3.91,Cen,B2V,
HR4757,Delta Crv,12.49772222,-16.51555556,2.94,Crv,B9.5V,
HR4763,Gamma Cru,12.51941667,-57.11305556,1.63,Cru,M3.5III,
HR4765,4 Dra,12.50183333,69.20111111,4.95,Dra,M3IIIa,
HR4773,Gamma Mus,12.54111111,-72.13277778,3.88,Mus,B5V,
HR4775,Eta Crv,12.53447222,-16.19611111,4.32,Crv,F2III-IV,
HR4785,Beta CVn,12.56236111,41.35750000,4.27,CVn,G0V,
HR4786,Beta Crv,12.57311111,-23.39666667,2.64,Crv,G5II,
HR4787,Kappa Dra,12.55802778,69.78805556,3.89,Dra,B6IIIpe,
HR4789,23 Com,12.58083333,22.62916667,4.81,Com,A0IV,
HR4795,6 Dra,12.57886111,70.02166667,4.94,Dra,K2III,
HR4798,Alpha Mus,12.61972222,-69.13555556,2.70,Mus,B2IV-V,
HR4802,Tau Cen,12.62836111,-48.54111111,3.86,Cen,A2V,
HR4813,Chi Vir,12.65408333,-7.99555556,4.67,Vir,K2III-IIIbCN1,
HR4817,HR4817,12.66455556,-39.98750000,4.64,,B8p,
HR4819,Gamma Cen,12.69191667,-48.95944444,2.17,Cen,A1IV,
HR4823,HR4823,12.69905556,-59.68555556,4.94,,B6IVe,
HR4825,Gamma Vir,12.69430556,-1.44944444,3.65,Vir,F0V,
HR4826,Gamma Vir,12.69430556,-1.44944444,3.68,Vir,F0V,
HR4828,Rho Vir,12.69805556,10.23555556,4.88,Vir,A0V,
HR4831,HR4831,12.70980556,-48.81305556,4.66,,K0III,
HR4842,Iota Cru,12.76050000,-60.98111111,4.69,Cru,K0III,
HR4844,Beta Mus,12.77136111,-68.10805556,3.06,Mus,B2.5V,
HR4846,HR4846,12.75216667,45.44027778,4.87,,C7I,
HR4848,HR4848,12.77294444,-56.48888889,4.66,,B3V,
HR4853,Beta Cru,12.79536111,-59.68861111,1.25,Cru,B0.5III,
HR4874,HR4874,12.84475000,-33.99916667,4.91,,A0IV,
HR4883,31 Com,12.86161111,27.54055556,4.94,Com,G0IIIp,
HR4888,HR4888,12.88522222,-48.94305556,4.33,,K3-4III,
HR4889,HR4889,12.89058333,-40.17888889,4.27,,A7III,
HR4894,35 Com,12.88869444,21.24027778,4.90,Com,G8III+F6V,
HR4897,Lambda Cru,12.91086111,-59.14638889,4.63,Cru,B4Vne,
HR4898,Mu1 Cru,12.90988889,-57.17777778,4.04,Cru,B2IV-V,
HR4902,Psi Vir,12.90586111,-9.53888889,4.80,Vir,M3IIICa-1,
HR4905,Alioth,12.90047222,55.95972222,1.77,UMa,A0pCr,
HR4910,Delta Vir,12.92669444,3.39750000,3.38,Vir,M3III,
HR4915,Alpha2 CVn,12.93377778,38.31833333,2.88,CVn,A0pSiEuHg,
HR4920,36 Com,12.98205556,17.40916667,4.79,Com,M1IIIb,
HR4923,Delta Mus,13.03786111,-71.54888889,3.62,Mus,K2III,
HR4924,37 Com,13.00455556,30.78500000,4.90,Com,G9IIICH-2Fe1Ca1,
HR4931,78 UMa,13.01213889,56.36638889,4.93,UMa,F2V,
HR4932,Vindemiatrix,13.03625000,10.95916667,2.79,Vir,G8IIIab,
HR4933,Xi1 Cen,13.05919444,-49.52722222,4.85,Cen,A0V,
HR4940,HR4940,13.10461111,-48.46333333,4.71,,B5V,
HR4942,Xi2 Cen,13.11513889,-49.90611111,4.27,Cen,B1.5V,
HR4954,41 Com,13.11961111,27.62472222,4.82,Com,K5III,
HR4958,Psi Hya,13.15088889,-23.11805556,4.95,Hya,K1III,
HR4963,Theta Vir,13.16580556,-5.53888889,4.38,Vir,A1IVs+Am,
HR4975,HR4975,13.20483333,-59.92083333,4.60,,B8V,
HR4979,HR4979,13.20086111,-37.80305556,4.85,,G3V,
HR4983,Beta Com,13.19786111,27.87805556,4.26,Com,G0V,
HR4989,HR4989,13.23741667,-59.10333333,4.92,,F7IV,
HR4993,Eta Mus,13.25413889,-67.89472222,4.80,Mus,B8V,
HR4997,HR4997,13.22858333,40.15277778,4.92,,K0III,
HR5002,HR5002,13.28694444,-66.78361111,4.87,,K2Ib-II,
HR5015,Sigma Vir,13.29338889,5.47000000,4.80,Vir,M2IIIa,
HR5017,20 CVn,13.29236111,40.57250000,4.73,CVn,F3III,
HR5019,61 Vir,13.30672222,-18.31138889,4.74,Vir,G6V,
HR5020,Gamma Hya,13.31533333,-23.17166667,3.00,Hya,G8IIIa,
HR5028,Iota Cen,13.34325000,-36.71222222,2.73,Cen,A2V,
HR5035,HR5035,13.37719444,-60.98833333,4.54,,B3V,
HR5041,HR5041,13.40013889,-64.53583333,4.53,,G6II,
HR5054,Mizar,13.39875000,54.92527778,2.27,UMa,A1VpSrSi,
HR5055,Zeta UMa,13.39897222,54.92166667,3.95,UMa,A1m,
HR5056,Spica,13.41986111,-11.16138889,0.97,Vir,B1III-IV+B2V,
HR5062,Alcor,13.42038889,54.98805556,4.02,UMa,A5V,
HR5068,69 Vir,13.45752778,-15.97361111,4.75,Vir,K1IIIv,
HR5072,70 Vir,13.47380556,13.77861111,4.98,Vir,G2.5Va,
HR5080,HR5080,13.49519444,-23.28111111,4.97,,M7IIIe,
HR5089,HR5089,13.51738889,-39.40722222,3.88,,G9Ib*,
HR5095,74 Vir,13.53272222,-6.25583333,4.69,Vir,M2III,
HR5105,78 Vir,13.56883333,3.65888889,4.94,Vir,A1pSrCrEu,
HR5107,Zeta Vir,13.57819444,-0.59611111,3.38,Vir,A3V,
HR5110,HR5110,13.57991667,37.18250000,4.98,,F2IV,
HR5112,24 CVn,13.57422222,49.01583333,4.70,CVn,A5V,
HR5127,25 CVn,13.62430556,36.29472222,4.83,CVn,A7III,
HR5132,Epsilon Cen,13.66477778,-53.46638889,2.30,Cen,B1III,
HR5154,83 UMa,13.67891667,54.68166667,4.66,UMa,M2IIIabBa0.7:,
HR5168,1 Cen,13.76144444,-33.04361111,4.23,Cen,F3IV,
HR5172,HR5172,13.77758333,-51.43277778,4.65,,G8-K0III,
HR5185,Tau Boo,13.78769444,17.45666667,4.50,Boo,F6IV,
HR5190,Nu Cen,13.82505556,-41.68777778,3.41,Cen,B2IV,
HR5191,Alcaid,13.79230556,49.31333333,1.86,UMa,B3V,
HR5192,2 Cen,13.82405556,-34.45055556,4.19,Cen,M5III,
HR5193,Mu Cen,13.82691667,-42.47388889,3.04,Cen,B2IV-Ve,
HR5196,89 Vir,13.83116667,-18.13416667,4.97,Vir,K0.5III-IIIb,
HR5200,Upsilon Boo,13.82458333,15.79777778,4.07,Boo,K5IIIv,
HR5201,6 Boo,13.82852778,21.26416667,4.91,Boo,K4III,
HR5210,3 Cen,13.86375000,-32.99444444,4.56,Cen,B5III,
HR5219,HR5219,13.86316667,34.44416667,4.75,,K5III,
HR5221,4 Cen,13.88677778,-31.92750000,4.74,Cen,B4IV,
HR5226,10 Dra,13.85716667,64.72305556,4.66,Dra,M3.5III,
HR5231,Zeta Cen,13.92563889,-47.28833333,2.55,Cen,B2.5IV,
HR5235,Eta Boo,13.91138889,18.39777778,2.68,Boo,G0IV,
HR5241,HR5241,13.96080556,-63.68666667,4.71,,K0III,
HR5248,Phi Cen,13.97116667,-42.10083333,3.83,Cen,B2IV,
HR5249,Upsilon1 Cen,13.97797222,-44.80361111,3.87,Cen,B2IV-V,
HR5260,Upsilon2 Cen,14.02869444,-45.60333333,4.33,Cen,F6II,
HR5264,Tau Vir,14.02741667,1.54444444,4.26,Vir,A3V,
HR5267,Agena,14.06372222,-60.37277778,0.61,Cen,B1III,
HR5285,Chi Cen,14.10075000,-41.17944444,4.36,Cen,B2V,
HR5287,Pi Hya,14.10616667,-26.68222222,3.28,Hya,K2III-IIIbCN-0.5,
HR5288,Theta Cen,14.11133333,-36.37000000,2.05,Cen,K0IIIb,
HR5291,Thuban,14.07311111,64.37583333,3.65,Dra,A0III,
HR5297,HR5297,14.16519444,-53.43888889,4.75,,G8III,
HR5301,HR5301,14.18066667,-16.30194444,4.91,,M2III-IIIa,
HR5303,Eta Aps,14.30377778,-81.00750000,4.91,Aps,A2m,
HR5304,12 Boo,14.17330556,25.09166667,4.83,Boo,F9IVw,
HR5315,Kappa Vir,14.21491667,-10.27361111,4.21,Vir,K3III,
HR5321,4 UMi,14.14744444,77.54750000,4.82,UMi,K3III,
HR5329,Kappa2 Boo,14.22469444,51.79000000,4.54,Boo,A8IV,
HR5338,Iota Vir,14.26688889,-6.00055556,4.09,Vir,F6III,
HR5339,Delta Oct,14.44855556,-83.66777778,4.32,Oct,K2III,
HR5340,Arcturus,14.26100000,19.18250000,-0.05,Boo,K1IIIbCN-1,
HR5350,Iota Boo,14.26938889,51.36722222,4.75,Boo,A9V,
HR5351,Lambda Boo,14.27302778,46.08833333,4.18,Boo,A0p,
HR5354,Iota Lup,14.32336111,-46.05777778,3.55,Lup,B2.5IV,
HR5358,HR5358,14.33872222,-56.38666667,4.35,,B6Ib,
HR5359,Lambda Vir,14.31847222,-13.37111111,4.52,Vir,A2m,
HR5361,HR5361,14.29991667,35.50944444,4.81,,K0III,
HR5364,HR5364,14.34511111,-45.18722222,4.77,,F0IV,
HR5367,Psi Cen,14.34258333,-37.88527778,4.05,Cen,A0IV,
HR5370,20 Boo,14.32919444,16.30694444,4.86,Boo,K3III,
HR5371,HR5371,14.37691667,-58.45944444,4.92,,G8III+F5V,
HR5378,HR5378,14.38391667,-39.51222222,4.42,,B7IIIpv,
HR5381,51 Hya,14.38491667,-27.75388889,4.75,Hya,K4III,
HR5395,Tau1 Lup,14.43558333,-45.22138889,4.56,Lup,B2IV,
HR5396,Tau2 Lup,14.43630556,-45.37944444,4.35,Lup,A7:+F4IV,
HR5404,Theta Boo,14.41991667,51.85083333,4.06,Boo,F7V,
HR5407,52 Hya,14.46952778,-29.49166667,4.97,Hya,B8V,
HR5409,Phi Vir,14.47002778,-2.22805556,4.82,Vir,G2IV,
HR5425,Sigma Lup,14.54355556,-50.45694444,4.42,Lup,B2III,
HR5429,Rho Boo,14.53047222,30.37138889,3.59,Boo,K3III,
HR5430,5 UMi,14.45872222,75.69583333,4.25,UMi,K4IIIBa0.3,
HR5435,Gamma Boo,14.53461111,38.30805556,3.02,Boo,A7III,
HR5440,Eta Cen,14.59175000,-42.15777778,2.31,Cen,B1.5Vne,
HR5447,Sigma Boo,14.57797222,29.74500000,4.47,Boo,F2V,
HR5453,Rho Lup,14.63141667,-49.42555556,4.05,Lup,B5V,
HR5459,Alpha1 Cen,14.66005556,-60.83527778,-0.01,Cen,G2V,
HR5460,Alpha2 Cen,14.66005556,-60.83527778,1.33,Cen,K1V,
HR5463,Alpha Cir,14.70841667,-64.97527778,3.19,Cir,ApSrEuCr:,
HR5469,Alpha Lup,14.69880556,-47.38805556,2.30,Lup,B1.5III,
HR5470,Alpha Aps,14.79766667,-79.04472222,3.83,Aps,K2.5III,
HR5471,HR5471,14.69930556,-37.79361111,4.00,,B3V,
HR5475,Pi1 Boo,14.67875000,16.41833333,4.94,Boo,B9pMnHg,
HR5477,Zeta Boo,14.68577778,13.72833333,4.83,Boo,A2III,
HR5478,Zeta Boo,14.68577778,13.72833333,4.43,Boo,A2III,
HR5480,31 Boo,14.69408333,8.16166667,4.86,Boo,G8IIIHdelta-0.5,
HR5485,HR5485,14.72758333,-35.17388889,4.05,,K5III,
HR5487,Mu Vir,14.71763889,-5.65833333,3.88,Vir,F2III,
HR5489,HR5489,14.74975000,-35.19194444,4.92,,A0V,
HR5490,34 Boo,14.72369444,26.52777778,4.79,Boo,M3III,
HR5497,54 Hya,14.76666667,-25.44305556,4.94,Hya,F2III-IV,
HR5502,Omicron Boo,14.75400000,16.96444444,4.60,Boo,G8.5III,
HR5506,Izar,14.74975000,27.07416667,2.70,Boo,K0II-III,
HR5511,109 Vir,14.77080556,1.89277778,3.73,Vir,A0V,
HR5526,58 Hya,14.83811111,-27.96027778,4.41,Hya,K4III,
HR5528,Omicron Lup,14.86063889,-43.57527778,4.33,Lup,B5IV,
HR5531,Alpha2 Lib,14.84794444,-16.04194444,2.75,Lib,A3IV,
HR5535,11 Lib,14.85025000,-2.29916667,4.94,Lib,G8III-IV,
HR5544,Xi Boo,14.85644444,19.10111111,4.54,Boo,G8V,
HR5563,Kochab,14.84505556,74.15555556,2.08,UMi,K4IIIBa0.3,
HR5570,16 Lib,14.95302778,-4.34638889,4.49,Lib,F0V,
HR5571,Beta Lup,14.97550000,-43.13388889,2.68,Lup,B2III,
HR5576,Kappa Cen,14.98600000,-42.10416667,3.13,Cen,B2IV,
HR5586,Delta Lib,15.01619444,-8.51888889,4.93,Lib,B9.5V,
HR5589,HR5589,14.95969444,65.93222222,4.54,,M5III,
HR5600,Omega Boo,15.03511111,25.00805556,4.82,Boo,K4IIICa0.5,
HR5601,110 Vir,15.04833333,2.09111111,4.40,Vir,K0.5IIIbFe-0.5,
HR5602,Beta Boo,15.03238889,40.39055556,3.52,Boo,G8IIIa:Ba0.4,
HR5603,Sigma Lib,15.06780556,-25.28194444,3.21,Lib,M3IIIa,
HR5605,Pi Lup,15.08530556,-47.05111111,4.72,Lup,B5V,
HR5606,Pi Lup,15.08530556,-47.05111111,4.82,Lup,B5IV,
HR5616,Psi Boo,15.07408333,26.94750000,4.55,Boo,K2III,
HR5618,44 Boo,15.06313889,47.65444444,4.76,Boo,F9-G1Vn,
HR5626,Lambda Lup,15.14736111,-45.27972222,4.05,Lup,B3V,
HR5634,45 Boo,15.12166667,24.86916667,4.93,Boo,F5V,
HR5646,Kappa1 Lup,15.19888889,-48.73777778,3.87,Lup,B9.5Vne,
HR5649,Zeta Lup,15.20472222,-52.09916667,3.41,Lup,G8III,
HR5651,HR5651,15.21372222,-44.50055556,4.82,,B3IV,
HR5652,Iota1 Lib,15.20366667,-19.79166667,4.54,Lib,A0pSi,
HR5660,1 Lup,15.24366667,-31.51916667,4.91,Lup,F1II,
HR5666,Epsilon Cir,15.29411111,-63.61055556,4.86,Cir,K2.5III,
HR5670,Beta Cir,15.29188889,-58.80111111,4.07,Cir,A3V,
HR5671,Gamma TrA,15.31516667,-68.67944444,2.89,TrA,A1V,
HR5681,Delta Boo,15.25836111,33.31472222,3.49,Boo,G8IIICN-1,
HR5683,Mu Lup,15.30886111,-47.87500000,4.27,Lup,B8Ve,
HR5685,Beta Lib,15.28341667,-9.38305556,2.62,Lib,B8V,
HR5686,2 Lup,15.29713889,-30.14861111,4.33,Lup,G9IIIaFe1,
HR5695,Delta Lup,15.35616667,-40.64777778,3.22,Lup,B1.5IV,
HR5698,Nu1 Lup,15.36894444,-47.92777778,5.00,Lup,F8V,
HR5704,Gamma Cir,15.38961111,-59.32083333,4.51,Cir,B5IV+F8,
HR5705,Phi1 Lup,15.36341667,-36.26138889,3.56,Lup,K5III,
HR5708,Epsilon Lup,15.37800000,-44.68944444,3.37,Lup,B2IV-V,
HR5712,Phi2 Lup,15.38588889,-36.85833333,4.54,Lup,B4V,
HR5723,Epsilon Lib,15.40327778,-10.32222222,4.94,Lib,F5IV,
HR5724,HR5724,15.42225000,-38.73361111,4.60,,A0IV,
HR5733,Mu1 Boo,15.40813889,37.37722222,4.32,Boo,F0V,
HR5735,Gamma UMi,15.34544444,71.83388889,3.05,UMi,A3II-III,
HR5744,Iota Dra,15.41544444,58.96583333,3.29,Dra,K2III,
HR5747,Beta CrB,15.46380556,29.10555556,3.68,CrB,F0p,
HR5771,Epsilon TrA,15.61197222,-66.31722222,4.11,TrA,K1-2III,
HR5776,Gamma Lup,15.58563889,-41.16666667,2.78,Lup,B2IV,
HR5777,37 Lib,15.56961111,-10.06472222,4.62,Lib,K1III-IV,
HR5778,Theta CrB,15.54880556,31.35888889,4.13,CrB,B6Vnne,
HR5781,HR5781,15.59808333,-44.95861111,4.54,,B3IVp,
HR5787,Gamma Lib,15.59208333,-14.78944444,3.91,Lib,G8.5III,
HR5788,Delta Ser,15.58000000,10.53750000,3.80,Ser,F0IV,
HR5789,Delta Ser,15.58002778,10.53916667,3.80,Ser,F0IV,
HR5793,Alphecca,15.57811111,26.71472222,2.24,CrB,A0V,
HR5794,Upsilon Lib,15.61705556,-28.13500000,3.57,Lib,K3III,
HR5797,Omega Lup,15.63419444,-42.56722222,4.33,Lup,K4.5III,
HR5812,Tau Lib,15.64425000,-29.77777778,3.65,Lib,B2.5V,
HR5820,Psi1 Lup,15.66275000,-34.41166667,4.67,Lup,G8III,
HR5824,42 Lib,15.67133333,-23.81805556,4.96,Lib,K3IIICN1,
HR5825,HR5825,15.68644444,-44.66111111,4.64,,F5IV-V,
HR5826,Theta UMi,15.52352778,77.34916667,4.96,UMi,K5III,
HR5838,Kappa Lib,15.69908333,-19.67888889,4.72,Lib,M0-IIIb,
HR5839,Psi2 Lup,15.71136111,-34.71055556,4.75,Lup,B5V,
HR5842,Iota Ser,15.69250000,19.67027778,4.53,Ser,A1V,
HR5849,Gamma CrB,15.71236111,26.29555556,3.85,CrB,B9IV+A3V,
HR5854,Unukalhai,15.73777778,6.42555556,2.65,Ser,K2IIIbCN1Fe4143-1,
HR5867,Beta Ser,15.76977778,15.42166667,3.67,Ser,A2IV,
HR5868,Lambda Ser,15.77402778,7.35305556,4.43,Ser,G0V,
HR5879,Kappa Ser,15.81230556,18.14138889,4.09,Ser,M0.5IIIab,
HR5881,Mu Ser,15.82697222,-3.43027778,3.53,Ser,A0V,
HR5883,Chi Lup,15.84927778,-33.62722222,3.95,Lup,B9IV,
HR5885,1 Sco,15.84961111,-25.75138889,4.68,Sco,B3V,
HR5889,Delta CrB,15.82655556,26.06833333,4.63,CrB,G3.5III-IVFe-1,
HR5892,Epsilon Ser,15.84691667,4.47777778,3.70,Ser,A2m,
HR5897,Beta TrA,15.91900000,-63.43055556,2.85,TrA,F2III,
HR5899,Rho Ser,15.85438889,20.97777778,4.78,Ser,K4-5III,
HR5901,Kappa CrB,15.85383333,35.65722222,4.82,CrB,K1IVa,
HR5903,Zeta UMi,15.73425000,77.79444444,4.32,UMi,A3Vn,
HR5904,2 Sco,15.89350000,-25.32722222,4.59,Sco,B2.5Vn,
HR5908,Theta Lib,15.89705556,-16.72944444,4.16,Lib,G8.5IIIb,
HR5914,Chi Her,15.87788889,42.45166667,4.62,Her,F8VFe-2Hdelta-1,
HR5928,Rho Sco,15.94805556,-29.21388889,3.86,Sco,B2IV-V,
HR5933,Gamma Ser,15.94086111,15.66166667,3.86,Ser,F6V,
HR5941,48 Lib,15.96980556,-14.27944444,4.87,Lib,B5IIIpe,
HR5943,HR5943,15.99172222,-41.74416667,4.99,,K0II-III,
HR5944,Pi Sco,15.98083333,-26.11416667,2.91,Sco,B1V+B2V,
HR5947,Epsilon CrB,15.95977778,26.87777778,4.16,CrB,K2IIIab,
HR5948,Eta Lup,16.00200000,-38.39694444,3.41,Lup,B2.5IV,
HR5953,Delta Sco,16.00552778,-22.62166667,2.32,Sco,B0.3IV,
HR5958,HR5958,15.99169444,25.92027778,2.00,,Be+gM3+Q,
HR5960,HR5960,15.96313889,54.74972222,4.95,,F0IV,
HR5961,Iota1 Nor,16.05886111,-57.77527778,4.63,Nor,A7IV,
HR5962,Eta Nor,16.05352778,-49.22972222,4.65,Nor,G8III,
HR5967,HR5967,16.05666667,-38.60250000,4.89,,B6IV,
HR5969,HR5969,16.05569444,-25.86527778,5.00,,K5III,
HR5971,Iota CrB,16.02405556,29.85111111,4.98,CrB,A0p:Hg:,
HR5972,Pi Ser,16.03825000,22.80444444,4.83,Ser,A3V,
HR5978,Xi Sco,16.07277778,-11.37305556,4.77,Sco,F5IV,
HR5980,Delta Nor,16.10813889,-45.17305556,4.73,Nor,Am,
HR5982,Upsilon Her,16.04661111,46.03666667,4.76,Her,B9III,
HR5984,Beta1 Sco,16.09058333,-19.80527778,2.58,Sco,B1V,
HR5985,Beta2 Sco,16.09066667,-19.80194444,4.92,Sco,B2V,
HR5986,Theta Dra,16.03144444,58.56527778,4.03,Dra,F8IV,
HR5987,Theta Lup,16.10983333,-36.80222222,4.23,Lup,B2.5Vn,
HR5993,Omega1 Sco,16.11341667,-20.66916667,3.97,Sco,B1V,
HR5997,Omega2 Sco,16.12338889,-20.86861111,4.33,Sco,G3II-III,
HR6008,Kappa Her,16.13455556,17.04694444,5.00,Her,G8III,
HR6018,Tau CrB,16.14950000,36.49083333,4.76,CrB,K0III-IV,
HR6020,Delta1 Aps,16.33908333,-78.69583333,4.68,Aps,M5IIIb,
HR6023,Phi Her,16.14613889,44.93500000,4.27,Her,B9p:Mn:,
HR6024,Kappa Nor,16.22461111,-54.63055556,4.94,Nor,G8III,
HR6027,Nu Sco,16.19988889,-19.46055556,4.01,Sco,B3V,
HR6028,13 Sco,16.20502778,-27.92638889,4.59,Sco,B2V,
HR6030,Delta TrA,16.25727778,-63.68555556,3.85,TrA,G2Ib-IIa,
HR6031,Psi Sco,16.19997222,-10.06416667,4.93,Sco,A3IV,
HR6056,Delta Oph,16.23905556,-3.69444444,2.75,Oph,M0.5III,
HR6058,Gamma1 Nor,16.28355556,-50.06805556,4.98,Nor,F9Ia,
HR6070,HR6070,16.30494444,-28.61416667,4.77,,A0V,
HR6072,Gamma2 Nor,16.33063889,-50.15555556,4.02,Nor,G8III,
HR6075,Epsilon Oph,16.30533333,-4.69250000,3.23,Oph,G9.5IIIbCN-1,
HR6081,Omicron Sco,16.34391667,-24.16944444,4.57,Sco,A5II,
HR6084,Sigma Sco,16.35311111,-25.59277778,2.88,Sco,B2III+O9.5V,
HR6092,Tau Her,16.32897222,46.31333333,3.91,Her,B5IV,
HR6093,Sigma Ser,16.36786111,1.02916667,4.82,Ser,F0V,
HR6095,Gamma Her,16.36530556,19.15305556,3.76,Her,A9III,
HR6098,Zeta TrA,16.47447222,-70.08444444,4.91,TrA,F9V,
HR6102,Gamma Aps,16.55752778,-78.89694444,3.89,Aps,G8-K0III,
HR6103,Xi CrB,16.36825000,30.89222222,4.85,CrB,K0III,
HR6104,Psi Oph,16.40169444,-20.03750000,4.50,Oph,K0II-III,
HR6115,Epsilon Nor,16.45305556,-47.55500000,4.47,Nor,B4V,
HR6116,Eta UMi,16.29172222,75.75527778,4.95,UMi,F5V,
HR6117,Omega Her,16.42358333,14.03333333,4.58,Her,B9pCr,
HR6118,Chi Oph,16.45036111,-18.45638889,4.43,Oph,B2IV:pe,
HR6129,Upsilon Oph,16.46336111,-8.37166667,4.63,Oph,A3m,
HR6132,Eta Dra,16.39980556,61.51416667,2.74,Dra,G8IIIab,
HR6134,Antares,16.49011111,-26.43194444,0.91,Sco,M1.5Iab-Ib+B4Ve,
HR6141,22 Sco,16.50344444,-25.11500000,4.79,Sco,B2V,
HR6143,HR6143,16.52300000,-34.70444444,4.23,,B2III-IV,
HR6147,Phi Oph,16.51894444,-16.61277778,4.27,Oph,G8IIIa,
HR6148,Beta Her,16.50363889,21.48944444,2.77,Her,G7IIIa,
HR6149,Lambda Oph,16.51519444,1.98388889,3.83,Oph,A0V+A4V,
HR6153,Omega Oph,16.53555556,-21.46638889,4.45,Oph,A7p,
HR6155,Mu Nor,16.56800000,-44.04527778,4.91,Nor,B0Ia,
HR6159,29 Her,16.54338889,11.48805556,4.85,Her,K7III,
HR6161,15 Dra,16.46633333,68.76805556,5.01,Dra,A0III,
HR6163,Beta Aps,16.71788889,-77.51750000,4.24,Aps,K0III,
HR6165,Tau Sco,16.59802778,-28.21611111,2.81,Sco,B0V,
HR6166,HR6166,16.60622222,-35.25555556,4.16,,K6III,
HR6168,Sigma Her,16.56836111,42.43694444,4.20,Her,B9V,
HR6175,Zeta Oph,16.61927778,-10.56722222,2.56,Oph,09.5Vn,
HR6196,HR6196,16.69286111,-17.74222222,4.96,,G7.5IICN1Ba0.4,
HR6200,42 Her,16.64575000,48.92833333,4.90,Her,M2.5IIIab,
HR6212,Zeta Her,16.68808333,31.60277778,2.81,Her,G0IV,
HR6217,Alpha TrA,16.81108333,-69.02777778,1.92,TrA,K2IIb-IIIa,
HR6220,Eta Her,16.71491667,38.92222222,3.50,Her,G8IIIbCN-1,
HR6223,18 Dra,16.68194444,64.58888889,4.83,Dra,K1p*,
HR6229,Eta Ara,16.82972222,-59.04138889,3.76,Ara,K5III,
HR6237,HR6237,16.75491667,56.78194444,4.84,,F2V,
HR6241,Epsilon Sco,16.83602778,-34.29333333,2.29,Sco,K2.5III,
HR6243,20 Oph,16.83052778,-10.78305556,4.66,Oph,F7IV,
HR6247,Mu1 Sco,16.86447222,-38.04750000,3.04,Sco,B1.5V+B6.5V,
HR6252,Mu2 Sco,16.87222222,-38.01750000,3.57,Sco,B2IV,
HR6254,52 Her,16.82058333,45.98333333,4.82,Her,A2VpSrCrEu,
HR6262,Zeta1 Sco,16.89988889,-42.36194444,4.73,Sco,B1Iape,
HR6271,Zeta2 Sco,16.90969444,-42.36138889,3.59,Sco,K4III,
HR6281,Iota Oph,16.90011111,10.16527778,4.38,Oph,B8V,
HR6285,Zeta Ara,16.97697222,-55.99000000,3.13,Ara,K3III,
HR6295,Epsilon1 Ara,16.99305556,-53.16055556,4.06,Ara,K4IIIab,
HR6299,Kappa Oph,16.96111111,9.37500000,3.20,Oph,K2III,
HR6315,19 Dra,16.93377778,65.13472222,4.90,Dra,F6Vv,
HR6318,30 Oph,17.01763889,-4.22250000,4.82,Oph,K4III,
HR6322,Epsilon UMi,16.76605556,82.03722222,4.23,UMi,G5III,
HR6324,Epsilon Her,17.00480556,30.92638889,3.92,Her,A0V,
HR6334,HR6334,17.08036111,-34.12305556,4.87,,B1Iae,
HR6337,HR6337,17.05216667,14.09194444,4.98,,M3III,
HR6355,60 Her,17.08961111,12.74083333,4.91,Her,A4IV,
HR6378,Eta Oph,17.17294444,-15.72472222,2.42,Oph,A2V,
HR6380,Eta Sco,17.20252778,-43.23916667,3.34,Sco,F3III-IVp,
HR6396,Zeta Dra,17.14641667,65.71472222,3.17,Dra,B6III,
HR6406,Rasalgethi,17.24411111,14.39027778,3.48,Her,M5Ib-II,
HR6410,Delta Her,17.25050000,24.83916667,3.13,Her,A3IV,
HR6415,41 Oph,17.27683333,-0.44527778,4.72,Oph,K2III,
HR6417,Zeta Aps,17.36652778,-67.77027778,4.78,Aps,K2III,
HR6418,Pi Her,17.25075000,36.80916667,3.18,Her,K3IIab,
HR6431,68 Her,17.28872222,33.10000000,4.78,Her,B1.5Vp+B5III,
HR6436,69 Her,17.29450000,37.29138889,4.66,Her,A2V,
HR6445,Xi Oph,17.35002778,-21.11277778,4.38,Oph,F1III-IV,
HR6446,Nu Ser,17.34708333,-12.84666667,4.31,Ser,A2V,
HR6452,HR6452,17.33855556,18.05694444,5.00,,M2IIIab,
HR6453,Theta Oph,17.36680556,-24.99944444,3.26,Oph,B2IV,
HR6461,Beta Ara,17.42163889,-55.52972222,2.85,Ara,K3Ib-IIa,
HR6462,Gamma Ara,17.42319444,-56.37750000,3.34,Ara,B1Ib,
HR6485,Rho Her,17.39469444,37.14583333,4.52,Her,B9.5III,
HR6486,44 Oph,17.43947222,-24.17527778,4.16,Oph,A3m,
HR6492,45 Oph,17.45588889,-29.86694444,4.27,Oph,F5IVdeltaSct*,
HR6493,HR6493,17.44383333,-5.08666667,4.54,,F3V,
HR6498,Sigma Oph,17.44188889,4.14027778,4.31,Oph,K2II,
HR6500,Delta Ara,17.51830556,-60.68361111,3.62,Ara,B8Vn,
HR6508,Upsilon Sco,17.51269444,-37.29583333,2.68,Sco,B2IV,
HR6510,Alpha Ara,17.53066667,-49.87611111,2.95,Ara,B2Vne,
HR6519,51 Oph,17.52355556,-23.96277778,4.81,Oph,B9.5Ve,
HR6526,Lambda Her,17.51227778,26.11055556,4.41,Her,K3.5IIIBa0.1,
HR6527,Shaula,17.56011111,-37.10361111,1.63,Sco,B2IV+B,
HR6536,Beta Dra,17.50716667,52.30138889,2.81,Dra,G2Ib-IIa,
HR6537,Sigma Ara,17.59427778,-46.50555556,4.59,Ara,A0V,
HR6546,HR6546,17.60908333,-38.63527778,4.29,,K0IIIb,
HR6553,Theta Sco,17.62194444,-42.99777778,1.87,Sco,F1II,
HR6554,Nu1 Dra,17.53622222,55.18416667,4.90,Dra,A6V,
HR6555,Nu2 Dra,17.53775000,55.17277778,4.87,Dra,A4m,
HR6556,Rasalhague,17.58222222,12.56000000,2.07,Oph,A5III,
HR6561,Xi Ser,17.62641667,-15.39861111,3.52,Ser,F0IVdeltaSct,
HR6567,Mu Oph,17.63072222,-8.11888889,4.63,Oph,B8II-IIIp:Mn,
HR6569,Lambda Ara,17.67316667,-49.41555556,4.77,Ara,F3IV,
HR6580,Kappa Sco,17.70808333,-39.03000000,2.41,Sco,B1.5III,
HR6581,Omicron Ser,17.69022222,-12.87527778,4.24,Ser,A2V,
HR6582,Eta Pav,17.76219444,-64.72388889,3.62,Pav,K2II,
HR6588,Iota Her,17.65772222,46.00638889,3.80,Her,B3IV,
HR6595,58 Oph,17.72380556,-21.68333333,4.87,Oph,F6V,
HR6596,Omega Dra,17.61580556,68.75805556,4.80,Dra,F5V,
HR6603,Beta Oph,17.72452778,4.56722222,2.78,Oph,K2III,
HR6615,Iota1 Sco,17.79305556,-40.12694444,3.03,Sco,F2Iae,
HR6616,3 Sgr,17.79263889,-27.83083333,4.54,Sgr,F7II,
HR6623,Mu Her,17.77430556,27.72083333,3.42,Her,G5IV,
HR6628,HR6628,17.81955556,-31.70333333,4.83,,B8V,
HR6629,Gamma Oph,17.79819444,2.70722222,3.75,Oph,A0V,
HR6630,HR6630,17.83094444,-37.04333333,3.21,,K2III,
HR6631,Iota2 Sco,17.83638889,-40.09055556,4.81,Sco,A2Ib,
HR6636,Psi1 Dra,17.69894444,72.14888889,4.58,Dra,F5IV-V,
HR6675,HR6675,17.94647222,-44.34222222,4.86,,K2III,
HR6682,HR6682,17.96322222,-41.71611111,4.88,,M0III,
HR6688,Xi Dra,17.89211111,56.87250000,3.75,Dra,K2III,
HR6695,Theta Her,17.93752778,37.25055556,3.88,Her,K1IIaCN+2,
HR6698,Nu Oph,17.98375000,-9.77361111,3.34,Oph,K0IIIaCN-1,
HR6700,4 Sgr,17.99652778,-23.81611111,4.75,Sgr,B9V,
HR6703,Xi Her,17.96272222,29.24777778,3.70,Her,G8III,
HR6705,Etamin,17.94341667,51.48888889,2.22,Dra,K5III,
HR6707,Nu Her,17.97502778,30.18944444,4.41,Her,F2II,
HR6710,Zeta Ser,18.00800000,-3.69027778,4.62,Ser,F2IV,
HR6712,66 Oph,18.00436111,4.36861111,4.60,Oph,B2Ve,
HR6713,93 Her,18.00091667,16.75083333,4.67,Her,K0.5IIb,
HR6714,67 Oph,18.01072222,2.93138889,3.93,Oph,B5Ib,
HR6723,68 Oph,18.02919444,1.30527778,4.42,Oph,A2Vn,
HR6730,95 Her,18.02508333,21.59555556,4.96,Her,A5IIIn,
HR6742,Gamma1 Sgr,18.08366667,-29.58000000,4.69,Sgr,F4-G1Ib,
HR6743,Theta Ara,18.11047222,-50.09166667,3.66,Ara,B2Ib,
HR6745,Pi Pav,18.14297222,-63.66833333,4.35,Pav,A7pSr,
HR6746,Gamma2 Sgr,18.09677778,-30.42416667,2.99,Sgr,K0III,
HR6752,70 Oph,18.09088889,2.49944444,4.03,Oph,K0V,
HR6766,HR6766,18.13469444,-28.45694444,4.56,,G8IIIpCH-3CN-2,
HR6770,71 Oph,18.12175000,8.73388889,4.63,Oph,G8III,
HR6771,72 Oph,18.12247222,9.56388889,3.73,Oph,A4IVs,
HR6779,Omicron Her,18.12569444,28.76250000,3.83,Her,B9.5V,
HR6783,Epsilon Tel,18.18713889,-45.95416667,4.53,Tel,K0III,
HR6787,102 Her,18.14594444,20.81444444,4.35,Her,B2IV,
HR6789,Delta UMi,17.53680556,86.58638889,4.36,UMi,A1Vn,
HR6791,HR6791,18.12463889,43.46166667,5.00,,G8IIICN-0.3CH-3,
HR6801,11 Sgr,18.19536111,-23.70111111,4.98,Sgr,K0III,
HR6812,Mu Sgr,18.22936111,-21.05888889,3.85,Sgr,B8Iape,
HR6815,104 Her,18.19836111,31.40527778,4.97,Her,M3III,
HR6832,Eta Sgr,18.29375000,-36.76166667,3.11,Sgr,M3.5III,
HR6842,HR6842,18.30086111,-27.04250000,4.63,,K3II,
HR6855,Xi Pav,18.38708333,-61.49388889,4.36,Pav,K4III,
HR6859,Delta Sgr,18.34988889,-29.82805556,2.70,Sgr,K3IIIa*,
HR6866,74 Oph,18.34777778,3.37722222,4.84,Oph,G8III,
HR6868,106 Her,18.33827778,21.96138889,4.96,Her,M1III,
HR6869,Eta Ser,18.35513889,-2.89888889,3.25,Ser,K2IIIabCN1,
HR6872,Kappa Lyr,18.33100000,36.06444444,4.34,Lyr,K2IIIabCN1,
HR6879,Epsilon Sgr,18.40286111,-34.38472222,1.85,Sgr,B9.5III,
HR6884,Zeta Sct,18.39427778,-8.93444444,4.68,Sct,G9IIIbFe0.5,
HR6895,109 Her,18.39494444,21.76972222,3.84,Her,K2.5IIIab,
HR6896,21 Sgr,18.42247222,-20.54166667,4.82,Sgr,K2II,
HR6897,Alpha Tel,18.44952778,-45.96833333,3.51,Tel,B3IV,
HR6905,Zeta Tel,18.48050000,-49.07083333,4.13,Tel,G8-K0III,
HR6913,Lambda Sgr,18.46613889,-25.42166667,2.81,Sgr,K1IIIb,
HR6916,Nu Pav,18.52286111,-62.27833333,4.64,Pav,B7-8III,
HR6920,Phi Dra,18.34591667,71.33777778,4.22,Dra,A0pSi:,
HR6923,39 Dra,18.39844444,58.80055556,4.99,Dra,A1V,
HR6927,Chi Dra,18.35088889,72.73277778,3.58,Dra,F7V,
HR6930,Gamma Sct,18.48658333,-14.56583333,4.71,Sct,A3Vn,
HR6934,Delta1 Tel,18.52925000,-45.91500000,4.96,Tel,B6IV,
HR6945,42 Dra,18.43302778,65.56361111,4.82,Dra,K2III,
HR6951,Theta CrA,18.55836111,-42.31250000,4.64,CrA,G8III,
HR6973,Alpha Sct,18.58675000,-8.24416667,3.83,Sct,K3III-IIIb,
HR6978,45 Dra,18.54286111,57.04555556,4.77,Dra,F7Ib,
HR6982,Zeta Pav,18.71725000,-71.42833333,4.01,Pav,K0III,
HR7001,Vega,18.61561111,38.78361111,0.03,Lyr,A0Va,
HR7012,HR7012,18.75738889,-64.87138889,4.79,,A5IV-V,
HR7020,Delta Sct,18.70452778,-9.05250000,4.72,Sct,F2IIIpdeltaDel,
HR7029,HR7029,18.73869444,-35.64222222,4.87,,B2.5V,
HR7032,Epsilon Sct,18.72533333,-8.27527778,4.89,Sct,G8II,
HR7039,Phi Sgr,18.76091667,-26.99083333,3.16,Sgr,B8III,
HR7056,Zeta1 Lyr,18.74619444,37.60500000,4.36,Lyr,Am,
HR7061,110 Her,18.76100000,20.54638889,4.19,Her,F6V,
HR7063,Beta Sct,18.78622222,-4.74805556,4.22,Sct,G5IICN0.5Fe1Hdelta1,
HR7064,HR7064,18.76788889,26.66194444,4.84,,K3III,
HR7069,111 Her,18.78366667,18.18138889,4.36,Her,A5III,
HR7074,Lambda Pav,18.87025000,-62.18777778,4.22,Pav,B2II-IIIe,
HR7106,Beta Lyr,18.83463889,33.36277778,3.42,Lyr,B7Ve+A8p,
HR7107,Kappa Pav,18.94916667,-67.23361111,4.44,Pav,F5I-II,
HR7116,Nu1 Sgr,18.90280556,-22.74500000,4.83,Sgr,K2I,
HR7120,Nu2 Sgr,18.91861111,-22.67138889,4.98,Sgr,K3II-IIIBa0.8CN2,
HR7121,Nunki,18.92105556,-26.29666667,2.03,Sgr,B2.5V,
HR7125,Omicron Dra,18.85330556,59.38833333,4.67,Dra,G9IIIbCN-0.5,
HR7133,113 Her,18.91244444,22.64527778,4.60,Her,G4III+A6V,
HR7134,Lambda Tel,18.97433333,-52.93833333,4.87,Tel,A0V,
HR7137,HR7137,18.88708333,50.70805556,4.93,,G8III,
HR7139,Delta2 Lyr,18.90836111,36.89888889,4.30,Lyr,M4II,
HR7141,Theta1 Ser,18.93697222,4.20361111,4.62,Ser,A5V,
HR7142,Theta2 Ser,18.93736111,4.20194444,4.98,Ser,A5Vn,
HR7149,Eta Sct,18.95100000,-5.84611111,4.83,Sct,K2III,
HR7150,Xi2 Sgr,18.96213889,-21.10666667,3.51,Sgr,K1III,
HR7152,Epsilon CrA,18.97869444,-37.10722222,4.87,CrA,F2V,
HR7157,13 Lyr,18.92222222,43.94611111,4.00,Lyr,M5III,
HR7176,Epsilon Aql,18.99369444,15.06833333,4.02,Aql,K1IIICN0.5Ba0.2,
HR7178,Gamma Lyr,18.98236111,32.68944444,3.24,Lyr,B9III,
HR7180,Upsilon Dra,18.90658333,71.29722222,4.82,Dra,K0III,
HR7188,Zeta CrA,19.05186111,-42.09527778,4.75,CrA,B9.5V,
HR7192,Lambda Lyr,19.00022222,32.14555556,4.98,Lyr,K2.5IIIBa0.4,
HR7193,12 Aql,19.02797222,-5.73888889,4.02,Aql,K1IIIv,
HR7194,Zeta Sgr,19.04350000,-29.88027778,2.59,Sgr,A2III+A4IV,
HR7217,Omicron Sgr,19.07802778,-21.74166667,3.77,Sgr,G8III,
HR7234,Tau Sgr,19.11563889,-27.67055556,3.31,Sgr,K1III,
HR7235,Zeta Aql,19.09013889,13.86333333,2.99,Aql,A0Vn,
HR7236,Lambda Aql,19.10411111,-4.88250000,3.43,Aql,B9Vn,
HR7242,Delta CrA,19.13911111,-40.49666667,4.59,CrA,K1III,
HR7254,Alpha CrA,19.15783333,-37.90444444,4.11,CrA,A2V,
HR7264,Pi Sgr,19.16269444,-21.02361111,2.88,Sgr,F2II,
HR7292,Psi Sgr,19.25897222,-25.25666667,4.83,Sgr,F2:+F7III,
HR7298,Eta Lyr,19.22927778,39.14611111,4.38,Lyr,B2.5IV,
HR7304,43 Sgr,19.29388889,-18.95305556,4.93,Sgr,G8II,
HR7306,1 Vul,19.27025000,21.39055556,4.77,Vul,B4IV,
HR7309,54 Dra,19.23197222,57.70500000,4.99,Dra,K2III,
HR7310,Delta Dra,19.20919444,67.66166667,3.07,Dra,G9III,
HR7314,Theta Lyr,19.27277778,38.13361111,4.38,Lyr,K0II,
HR7328,Kappa Cyg,19.28500000,53.36861111,3.76,Cyg,G9III,
HR7337,Beta1 Sgr,19.37727778,-44.45888889,4.01,Sgr,B9V,
HR7340,Rho1 Sgr,19.36119444,-17.84722222,3.93,Sgr,F0IV-V,
HR7342,Upsilon Sgr,19.36208333,-15.95500000,4.61,Sgr,B2Vpe+A2IaShell,
HR7343,Beta2 Sgr,19.38697222,-44.79972222,4.29,Sgr,F2III,
HR7348,Alpha Sgr,19.39805556,-40.61611111,3.97,Sgr,B8V,
HR7352,Tau Dra,19.25911111,73.35555556,4.45,Dra,K3IIICN1,
HR7371,Pi Dra,19.34444444,65.71444444,4.59,Dra,A2IIIs,
HR7372,2 Cyg,19.40208333,29.62138889,4.97,Cyg,B3IV,
HR7377,Delta Aql,19.42494444,3.11472222,3.36,Aql,F3IV,
HR7387,Nu Aql,19.44194444,0.33861111,4.72,Aql,F2Ib,
HR7405,Alpha Vul,19.47838889,24.66500000,4.45,Vul,M0III,
HR7417,Beta1 Cyg,19.51200000,27.95972222,3.14,Cyg,K3II+B0.5V,
HR7420,Iota2 Cyg,19.49505556,51.72972222,3.78,Cyg,A5Vn,
HR7424,Iota Tel,19.58688889,-48.09916667,4.90,Tel,K0III,
HR7426,8 Cyg,19.52950000,34.45305556,4.74,Cyg,B3IV,
HR7429,Mu Aql,19.56813889,7.37888889,4.45,Aql,K3IIIb,
HR7437,9 Vul,19.57633333,19.77333333,4.99,Vul,B8IIIn,
HR7440,52 Sgr,19.61175000,-24.88361111,4.60,Sgr,B9,
HR7446,Kappa Aql,19.61483333,-7.02750000,4.96,Aql,B0.5III,
HR7447,Iota Aql,19.61200000,-1.28638889,4.36,Aql,B5III,
HR7462,Sigma Dra,19.53930556,69.66111111,4.69,Dra,K0V,
HR7469,Theta Cyg,19.60733333,50.22111111,4.47,Cyg,F4V,
HR7478,Phi Cyg,19.65625000,30.15333333,4.70,Cyg,G8III-IV,
HR7479,Alpha Sge,19.66825000,18.01388889,4.38,Sge,G1III,
HR7488,Beta Sge,19.68413889,17.47583333,4.38,Sge,G8IIIaCN0.5,
HR7515,56 Sgr,19.77266667,-19.76111111,4.86,Sgr,K1III,
HR7517,15 Cyg,19.73791667,37.35444444,4.89,Cyg,G7III,
HR7525,Tarazed,19.77097222,10.61333333,2.72,Aql,K3II,
HR7528,Delta Cyg,19.74955556,45.13083333,2.87,Cyg,B9.5IV+F1V,
HR7534,17 Cyg,19.77375000,33.72777778,4.99,Cyg,F7V,
HR7536,Delta Sge,19.78977778,18.53416667,3.81,Sge,M2II+A0V,
HR7546,Zeta Sge,19.81627778,19.14194444,5.00,Sge,A3V,
HR7557,Altair,19.84636111,8.86833333,0.76,Aql,A7V,
HR7564,Chi Cyg,19.84272222,32.91416667,4.24,Cyg,S6+/1e,
HR7565,12 Vul,19.85111111,22.61000000,4.96,Vul,B2.5Ve,
HR7570,Eta Aql,19.87452778,1.00555556,3.90,Aql,F6Ibv,
HR7581,Iota Sgr,19.92097222,-41.86833333,4.13,Sgr,K0II-III,
HR7582,Epsilon Dra,19.80286111,70.26777778,3.84,Dra,G7IIIbCN-2,
HR7590,Epsilon Pav,20.00983333,-72.91055556,3.96,Pav,A0V,
HR7592,13 Vul,19.89100000,24.07972222,4.58,Vul,B9.5III,
HR7595,Xi Aql,19.90411111,8.46138889,4.68,Aql,K0IIIb,
HR7597,Omega Sgr,19.93063889,-26.29944444,4.70,Sgr,G5V,
HR7602,Alshain,19.92186111,6.40666667,3.72,Aql,G8IV,
HR7604,59 Sgr,19.94908333,-27.17000000,4.50,Sgr,K3IICN1,
HR7613,22 Cyg,19.93100000,38.48666667,4.95,Cyg,B5IV,
HR7615,Eta Cyg,19.93841667,35.08333333,3.93,Cyg,K0III,
HR7618,60 Sgr,19.98252778,-26.19555556,4.82,Sgr,G6IIIBa0.2,
HR7619,Psi Cyg,19.92713889,52.43888889,4.92,Cyg,A4Vn,
HR7623,Theta1 Sgr,19.99558333,-35.27638889,4.37,Sgr,B3IV,
HR7633,HR7633,19.93200000,58.84611111,4.96,,K5II-III,
HR7635,Gamma Sge,19.97925000,19.49222222,3.47,Sge,M0III,
HR7650,62 Sgr,20.04427778,-27.71000000,4.54,Sgr,M4III,
HR7652,HR7652,20.05927778,-37.94083333,4.77,,K5III,
HR7653,15 Vul,20.01833333,27.75361111,4.65,Vul,A4III,
HR7659,HR7659,20.07208333,-32.05611111,4.99,,K1III,
HR7665,Delta Pav,20.14533333,-66.18222222,3.56,Pav,G6-8IV,
HR7673,Xi Tel,20.12308333,-52.88083333,4.97,Tel,M1IIab,
HR7685,Rho Dra,20.04691667,67.87361111,4.50,Dra,K3III,
HR7708,28 Cyg,20.15708333,36.83972222,4.93,Cyg,B2.5Ve,
HR7710,Theta Aql,20.18838889,-0.82138889,3.22,Aql,B9.5III,
HR7724,Rho Aql,20.23791667,15.19750000,4.95,Aql,A2V,
HR7730,30 Cyg,20.22163889,46.81583333,4.83,Cyg,A5IIIn,
HR7735,31 Cyg,20.22716667,46.74138889,3.80,Cyg,K2II+B3V,
HR7736,29 Cyg,20.24219444,36.80638889,4.99,Cyg,A2V,
HR7739,HR7739,20.25438889,25.59194444,4.77,,B3V,
HR7740,33 Cyg,20.22327778,56.56777778,4.30,Cyg,A3IV-Vn,
HR7744,23 Vul,20.26277778,27.81416667,4.52,Vul,K3IIICN-1Ba0.3Fe-1,
HR7747,Alpha1 Cap,20.29411111,-12.50833333,4.27,Cap,G3Ib,
HR7750,Kappa Cep,20.14811111,77.71138889,4.39,Cep,B9III,
HR7751,32 Cyg,20.25783333,47.71444444,3.98,Cyg,K3Ib+B3V,
HR7754,Alpha2 Cap,20.30088889,-12.54500000,3.58,Cap,G8IIIb,
HR7763,34 Cyg,20.29641667,38.03305556,4.82,Cyg,B2pe,
HR7773,Nu Cap,20.34436111,-12.75916667,4.76,Cap,B9.5V,
HR7776,Beta Cap,20.35016667,-14.78138889,3.08,Cap,F8V+A0,
HR7790,Alpha Pav,20.42744444,-56.73527778,1.94,Pav,B2IV,
HR7796,Gamma Cyg,20.37044444,40.25666667,2.23,Cyg,F8Ib,
HR7806,39 Cyg,20.39763889,32.19027778,4.44,Cyg,K3III,
HR7822,Rho Cap,20.48097222,-17.81361111,4.81,Cap,F2IV,
HR7831,69 Aql,20.49413889,-2.88555556,4.91,Aql,K2III,
HR7834,41 Cyg,20.48988889,30.36861111,4.01,Cyg,F5II,
HR7844,Omega1 Cyg,20.50094444,48.95166667,4.95,Cyg,B2.5IV,
HR7848,Phi1 Pav,20.59297222,-60.58166667,4.76,Pav,F1III,
HR7850,Theta Cep,20.49300000,62.99416667,4.22,Cep,A7III,
HR7852,Epsilon Del,20.55352778,11.30333333,4.04,Del,B6III,
HR7859,Rho Pav,20.62644444,-61.53000000,4.88,Pav,F5deltaDel,
HR7866,47 Cyg,20.56502778,35.25083333,4.63,Cyg,K2Ib+B3V,
HR7869,Alpha Ind,20.62611111,-47.29138889,3.11,Ind,K0IIICNIII-IV,
HR7871,Zeta Del,20.58844444,14.67416667,4.69,Del,A3V,
HR7873,70 Aql,20.61208333,-2.54972222,4.89,Aql,K5II,
HR7882,Beta Del,20.62580556,14.59527778,3.63,Del,F5IV,
HR7884,71 Aql,20.63894444,-1.10527778,4.33,Aql,G8III,
HR7891,29 Vul,20.64200000,21.20111111,4.82,Vul,A0V,
HR7906,Alpha Del,20.66061111,15.91194444,3.77,Del,B9IV,
HR7913,Beta Pav,20.74927778,-66.20305556,3.42,Pav,A7III,
HR7920,Eta Ind,20.73394444,-51.92111111,4.51,Ind,A7III-IV-A9v,
HR7924,Deneb,20.69050000,45.28027778,1.25,Cyg,A2Iae,
HR7928,Delta Del,20.72430556,15.07444444,4.44,Del,A7IIIpdeltaDel,
HR7936,Psi Cap,20.76822222,-25.27111111,4.13,Cap,F4V,
HR7939,30 Vul,20.74788889,25.27083333,4.91,Vul,K2III,
HR7942,52 Cyg,20.76100000,30.71972222,4.23,Cyg,K0III,
HR7948,Gamma2 Del,20.77761111,16.12416667,4.27,Del,K1IV,
HR7949,Epsilon Cyg,20.77016667,33.97027778,2.46,Cyg,K0III,
HR7950,Epsilon Aqr,20.79458333,-9.49583333,3.77,Aqr,A1V,
HR7951,3 Aqr,20.79558333,-5.02777778,4.44,Aqr,M3III,
HR7952,Zeta Ind,20.82469444,-46.22694444,4.89,Ind,K5III,
HR7955,HR7955,20.75583333,57.57972222,4.52,,F8IV-V,
HR7956,HR7956,20.78630556,34.37416667,4.92,,K3III,
HR7957,Eta Cep,20.75480556,61.83888889,3.43,Cep,K0IV,
HR7963,Lambda Cyg,20.79011111,36.49083333,4.54,Cyg,B5Ve,
HR7965,Alpha Mic,20.83277778,-33.78000000,4.90,Mic,G7III,
HR7977,55 Cyg,20.81561111,46.11416667,4.86,Cyg,B3Iae,
HR7980,Omega Cap,20.86366667,-26.91916667,4.12,Cap,K5IIIa,
HR7986,Beta Ind,20.91347222,-58.45416667,3.65,Ind,K1II,
HR7990,Mu Aqr,20.87752778,-8.98333333,4.75,Aqr,A3m,
HR7995,31 Vul,20.86877778,27.09694444,4.57,Vul,G7IIICN-1,
HR8001,57 Cyg,20.88741667,44.38722222,4.77,Cyg,B5V,
HR8028,Nu Cyg,20.95286111,41.16722222,3.94,Cyg,A1Vn,
HR8039,Gamma Mic,21.02150000,-32.25777778,4.67,Mic,G6III,
HR8047,59 Cyg,20.99708333,47.52111111,4.75,Cyg,B1ne,
HR8060,Eta Cap,21.07338889,-19.85500000,4.84,Cap,A5V,
HR8075,Theta Cap,21.09908333,-17.23277778,4.07,Cap,A1V,
HR8079,Xi Cyg,21.08216667,43.92777778,3.73,Cyg,K4-5Ib-II,
HR8080,24 Cap,21.11877778,-25.00583333,4.49,Cap,M0.5III,
HR8089,63 Cyg,21.11000000,47.64833333,4.60,Cyg,K4Ib-IIa,
HR8093,Nu Aqr,21.15986111,-11.37166667,4.52,Aqr,G8III,
HR8097,Gamma Equ,21.17236111,10.13138889,4.68,Equ,F0p,
HR8115,Zeta Cyg,21.21558333,30.22694444,3.21,Cyg,G8III-IIIaBa0.6,
HR8123,Delta Equ,21.24133333,10.00694444,4.49,Equ,F5V+G0V,
HR8130,Tau Cyg,21.24650000,38.04555556,3.73,Cyg,F2IV,
HR8131,Alpha Equ,21.26369444,5.24777778,3.90,Equ,G0III+A5V,
HR8135,Epsilon Mic,21.29894444,-32.17250000,4.71,Mic,A1V,
HR8140,Theta Ind,21.33108333,-53.44972222,4.39,Ind,A5V,
HR8143,Sigma Cyg,21.29025000,39.39472222,4.24,Cyg,B9Iab,
HR8146,Upsilon Cyg,21.29861111,34.89694444,4.42,Cyg,B2Vne,
HR8151,Theta1 Mic,21.34597222,-40.80972222,4.82,Mic,ApCrEuSr,
HR8154,68 Cyg,21.30750000,43.94611111,5.00,Cyg,O8e,
HR8162,Alderamin,21.30963889,62.58555556,2.45,Cep,A7V,
HR8167,Iota Cap,21.37075000,-16.83472222,4.27,Cap,G8III,
HR8173,1 Peg,21.36808333,19.80444444,4.09,Peg,K1III,
HR8181,Gamma Pav,21.44075000,-65.36638889,4.22,Pav,F6V,
HR8204,Zeta Cap,21.44441667,-22.41138889,3.74,Cap,G4Ib,
HR8213,36 Cap,21.47869444,-21.80722222,4.50,Cap,G5III,
HR8225,2 Peg,21.49911111,23.63888889,4.57,Peg,M1III,
HR8232,Beta Aqr,21.52594444,-5.57111111,2.89,Aqr,G0Ib,
HR8238,Beta Cep,21.47763889,70.56083333,3.23,Cep,B1IV,
HR8252,Rho Cyg,21.56633333,45.59194444,4.02,Cyg,G8IIICN-0.5Hdelta1,
HR8254,Nu Oct,21.69127778,-77.39000000,3.76,Oct,K0III,
HR8255,72 Cyg,21.57958333,38.53416667,4.91,Cyg,K0.5III,
HR8260,Epsilon Cap,21.61797222,-19.46611111,4.68,Cap,B2.5Vpe,
HR8264,Xi Aqr,21.62916667,-7.85416667,4.69,Aqr,A7V,
HR8278,Gamma Cap,21.66816667,-16.66250000,3.67,Cap,F0p,
HR8279,9 Cep,21.63197222,62.08194444,4.73,Cep,B2Ib,
HR8288,Kappa Cap,21.71094444,-18.86638889,4.73,Cap,G8III,
HR8301,Pi1 Cyg,21.70155556,51.18972222,4.67,Cyg,B3IV,
HR8305,Iota PsA,21.74908333,-33.02583333,4.34,PsA,A0V,
HR8308,Enif,21.73641667,9.87500000,2.39,Peg,K2Ib,
HR8309,Mu1 Cyg,21.73569444,28.74277778,4.73,Cyg,F6V,
HR8313,9 Peg,21.74183333,17.35000000,4.35,Peg,G5Ib,
HR8315,Kappa Peg,21.74405556,25.64500000,4.12,Peg,F5IV,
HR8316,Mu Cep,21.72508333,58.78000000,4.08,Cep,M2Iae,
HR8317,11 Cep,21.69866667,71.31166667,4.57,Cep,K0III,
HR8322,Delta Cap,21.78397222,-16.12722222,2.83,Cap,Amv,
HR8334,Nu Cep,21.75744444,61.12083333,4.29,Cep,A2Ia,
HR8335,Pi2 Cyg,21.77986111,49.30972222,4.24,Cyg,B3III,
HR8353,Gamma Gru,21.89877778,-37.36500000,3.01,Gru,B8III,
HR8368,Delta Ind,21.96527778,-54.99277778,4.40,Ind,F0IV,
HR8383,HR8383,21.94419444,63.62583333,4.90,,M2Iaep+B8Ve,
HR8387,Epsilon Ind,22.05591667,-56.78611111,4.69,Ind,K4-5V,
HR8402,Omicron Aqr,22.05519444,-2.15527778,4.69,Aqr,B7IVe,
HR8411,Lambda Gru,22.10188889,-39.54333333,4.46,Gru,K3III,
HR8413,Nu Peg,22.09463889,5.05861111,4.84,Peg,K4III,
HR8414,Sadalmelik,22.09636111,-0.31972222,2.94,Aqr,G2Ib,
HR8417,Xi Cep,22.06313889,64.62805556,4.29,Cep,A3m,
HR8418,Iota Aqr,22.10725000,-13.86972222,4.25,Aqr,B9IV-V,
HR8425,Alnair,22.13719444,-46.96111111,1.71,Gru,B7IV,
HR8430,Iota Peg,22.11683333,25.34500000,3.76,Peg,F5V,
HR8431,Mu PsA,22.13969444,-32.98861111,4.50,PsA,A2V,
HR8433,Upsilon PsA,22.14052778,-34.04388889,4.99,PsA,M1III,
HR8447,Tau PsA,22.16908333,-32.54861111,4.92,PsA,F6V,
HR8450,Theta Peg,22.16997222,6.19777778,3.55,Peg,A2V,
HR8454,Pi2 Peg,22.16644444,33.17833333,4.29,Peg,F5III,
HR8465,Zeta Cep,22.18088889,58.20138889,3.35,Cep,K1.5Ib,
HR8468,24 Cep,22.16341667,72.34138889,4.79,Cep,G7II-III,
HR8485,HR8485,22.23127778,39.71500000,4.49,,K3III,
HR8486,Mu1 Gru,22.26025000,-41.34666667,4.79,Gru,G8III+G,
HR8494,Epsilon Cep,22.25052778,57.04361111,4.19,Cep,F0IV,
HR8498,1 Lac,22.26613889,37.74888889,4.15,Lac,K3II-III,
HR8499,Theta Aqr,22.28052778,-7.78333333,4.16,Aqr,G8III-IV,
HR8502,Alpha Tuc,22.30836111,-60.25972222,2.86,Tuc,K3III,
HR8518,Gamma Aqr,22.36091667,-1.38722222,3.84,Aqr,A0V,
HR8522,32 Peg,22.35533333,28.33055556,4.81,Peg,B9III,
HR8523,2 Lac,22.35041667,46.53666667,4.56,Lac,B6V,
HR8538,Beta Lac,22.39263889,52.22916667,4.44,Lac,G8.5IIIbCa1,
HR8539,Pi Aqr,22.42125000,1.37750000,4.64,Aqr,B1Ve,
HR8540,Delta Tuc,22.45555556,-64.96666667,4.48,Tuc,B9.5V,
HR8541,4 Lac,22.40858333,49.47638889,4.58,Lac,B9Iab,
HR8551,35 Peg,22.46430556,4.69555556,4.80,Peg,K0III,
HR8556,Delta1 Gru,22.48780556,-43.49583333,3.97,Gru,G6-8III,
HR8558,Zeta1 Aqr,22.48044444,-0.02027778,4.59,Aqr,F6IV,
HR8559,Zeta2 Aqr,22.48055556,-0.02000000,4.42,Aqr,F3V,
HR8560,Delta2 Gru,22.49594444,-43.74944444,4.11,Gru,M4.5IIIa,
HR8571,Delta Cep,22.48616667,58.41527778,3.75,Cep,F5Ib-G2Ib,
HR8572,5 Lac,22.49216667,47.70694444,4.37,Lac,M0II+B8V,
HR8573,Sigma Aqr,22.51075000,-10.67805556,4.81,Aqr,A0IVs,
HR8576,Beta PsA,22.52508333,-32.34611111,4.29,PsA,A0V,
HR8579,6 Lac,22.50808333,43.12361111,4.51,Lac,B2IV,
HR8582,Nu Tuc,22.55000000,-61.98250000,4.81,Tuc,M4III,
HR8585,Alpha Lac,22.52150000,50.28250000,3.77,Lac,A1V,
HR8597,Eta Aqr,22.58925000,-0.11750000,4.00,Aqr,B9IV-Vn,
HR8613,9 Lac,22.62286111,51.54527778,4.63,Lac,A8IV,
HR8622,10 Lac,22.65433333,39.05027778,4.89,Lac,O9V,
HR8628,Epsilon PsA,22.67758333,-27.04361111,4.18,PsA,B8Ve,
HR8630,Beta Oct,22.76758333,-81.38166667,4.15,Oct,A9IV-V,
HR8632,11 Lac,22.67522222,44.27638889,4.46,Lac,K3III,
HR8634,Zeta Peg,22.69100000,10.83138889,3.41,Peg,B8V,
HR8636,Beta Gru,22.71111111,-46.88472222,2.11,Gru,M5III,
HR8641,Omicron Peg,22.69591667,29.30750000,4.79,Peg,A1IV,
HR8644,Rho Gru,22.72500000,-41.41444444,4.85,Gru,K0III,
HR8649,66 Aqr,22.72644444,-18.83055556,4.69,Aqr,K4III,
HR8650,Eta Peg,22.71669444,30.22138889,2.95,Peg,G2II-III+F0V,
HR8655,Eta Gru,22.76050000,-53.50000000,4.85,Gru,K2IIICNIV,
HR8665,Xi Peg,22.77819444,12.17277778,4.19,Peg,F6III-IV,
HR8667,Lambda Peg,22.77550000,23.56555556,3.93,Peg,G8IIIa*,
HR8675,Epsilon Gru,22.80922222,-51.31694444,3.49,Gru,A3V,
HR8679,Tau2 Aqr,22.82650000,-13.59250000,3.98,Aqr,M0III,
HR8684,Mu Peg,22.83336111,24.60166667,3.48,Peg,G8III,
HR8694,Iota Cep,22.82797222,66.20055556,3.54,Cep,K0III,
HR8695,Gamma PsA,22.87541667,-32.87555556,4.46,PsA,A0III*,
HR8698,Lambda Aqr,22.87688889,-7.57972222,3.74,Aqr,M2.5IIIaFe-1,
HR8699,15 Lac,22.86722222,43.31250000,4.94,Lac,M0III,
HR8702,HR8702,22.79133333,83.15388889,4.74,,K3III,
HR8709,Delta Aqr,22.91080556,-15.82083333,3.28,Aqr,A3V,
HR8717,Rho Peg,22.92044444,8.81611111,4.90,Peg,A1V,
HR8720,Delta PsA,22.93244444,-32.53972222,4.21,PsA,G8III,
HR8726,HR8726,22.94052778,49.73361111,4.94,,K5Ib,
HR8728,Fomalhaut,22.96083333,-29.62222222,1.16,PsA,A3V,
HR8747,Zeta Gru,23.01466667,-52.75416667,4.12,Gru,G8-K0III,
HR8748,HR8748,22.90683333,84.34638889,4.72,,K4III,
HR8752,HR8752,23.00138889,56.94555556,5.00,,G4v0,
HR8762,Omicron And,23.03200000,42.32611111,3.62,And,B6IIIpe+A2p,
HR8773,Beta Psc,23.06458333,3.82000000,4.52,Psc,B6Ve,
HR8775,Scheat,23.06288889,28.08277778,2.42,Peg,M2.5II-III,
HR8780,3 And,23.06969444,50.05222222,4.66,And,K0IIIbFe-0.5,
HR8781,Markab,23.07933333,15.20527778,2.48,Peg,B9V,
HR8787,Theta Gru,23.11463889,-43.52055556,4.28,Gru,F5mdeltaDel,
HR8789,86 Aqr,23.11133333,-23.74305556,4.48,Aqr,G9III,
HR8795,55 Peg,23.11672222,9.40944444,4.51,Peg,M1IIIab,
HR8796,56 Peg,23.11850000,25.46833333,4.74,Peg,G8Ib,
HR8797,1 Cas,23.11022222,59.42000000,4.85,Cas,B0.5IV,
HR8812,88 Aqr,23.15741667,-21.17250000,3.64,Aqr,K1III,
HR8817,89 Aqr,23.16519444,-22.45750000,4.68,Aqr,G2IV+A2,
HR8819,Pi Cep,23.13161111,75.38777778,4.42,Cep,G2III,
HR8820,Iota Gru,23.17263889,-45.24666667,3.89,Gru,K1III,
HR8830,7 And,23.20913889,49.40638889,4.53,And,F0V,
HR8834,Phi Aqr,23.23869444,-6.04888889,4.22,Aqr,M1.5III,
HR8841,Psi1 Aqr,23.26483333,-9.08777778,4.25,Aqr,K0III,
HR8848,Gamma Tuc,23.29047222,-58.23555556,3.99,Tuc,F1III,
HR8852,Gamma Psc,23.28608333,3.28222222,3.70,Psc,K0III:CN-1.5Fe-1,
HR8858,Psi2 Aqr,23.29836111,-9.18250000,4.40,Aqr,B5V,
HR8860,8 And,23.29572222,49.01527778,4.86,And,M2III,
HR8863,Gamma Scl,23.31372222,-32.53194444,4.41,Scl,K1III,
HR8865,Psi3 Aqr,23.31600000,-9.61055556,4.98,Aqr,A0V,
HR8872,Omicron Cep,23.31038889,68.11166667,4.76,Cep,K0III,
HR8880,Tau Peg,23.34394444,23.74027778,4.60,Peg,A5V,
HR8892,98 Aqr,23.38280556,-20.10055556,3.98,Aqr,K0III,
HR8904,4 Cas,23.41394444,62.28305556,4.98,Cas,M1III,
HR8905,Upsilon Peg,23.42297222,23.40416667,4.40,Peg,F8III,
HR8906,99 Aqr,23.43408333,-20.64194444,4.39,Aqr,K5III,
HR8911,Kappa Psc,23.44886111,1.25555556,4.94,Psc,A0pCrSi:Sr:,
HR8916,Theta Psc,23.46611111,6.37888889,4.30,Psc,K1III,
HR8923,70 Peg,23.48588889,12.76055556,4.56,Peg,G7III,
HR8926,HR8926,23.50052778,58.54916667,4.91,,B3IV,
HR8937,Beta Scl,23.54950000,-37.81861111,4.37,Scl,B9.5IVpHgMnEu,
HR8939,101 Aqr,23.55458333,-20.91444444,4.72,Aqr,A1n,
HR8943,72 Peg,23.56586111,31.32555556,4.98,Peg,K4IIIb,
HR8949,Iota Phe,23.58458333,-42.61527778,4.71,Phe,A2VpSrCrEu,
HR8959,HR8959,23.63080556,-45.49250000,4.74,,A2V,
HR8961,Lambda And,23.62605556,46.45833333,3.82,And,G8III-IV,
HR8965,Iota And,23.63558333,43.26805556,4.29,And,B8V,
HR8968,Omega1 Aqr,23.66305556,-14.22166667,5.00,Aqr,F0IV,
HR8969,Iota Psc,23.66583333,5.62638889,4.13,Psc,F7V,
HR8974,Gamma Cep,23.65577778,77.63250000,3.21,Cep,K1III-IV,
HR8976,Kappa And,23.67344444,44.33388889,4.14,And,B9IVn,
HR8982,104 Aqr,23.69602778,-17.81638889,4.83,Aqr,G0Ib-II,
HR8984,Lambda Psc,23.70075000,1.78000000,4.51,Psc,A7V,
HR8988,Omega2 Aqr,23.71200000,-14.54500000,4.51,Aqr,B9.5V,
HR8997,78 Peg,23.73316667,29.36166667,4.93,Peg,K0III,
HR9003,Psi And,23.76722222,46.42027778,4.95,And,G5Ib+A0V,
HR9008,Tau Cas,23.78427778,58.65194444,4.87,Cas,K1IIIa,
HR9016,Delta Scl,23.81541667,-28.13027778,4.57,Scl,A0V,
HR9045,Rho Cas,23.90638889,57.49944444,4.54,Cas,G20e,
HR9062,Eta Tuc,23.95977778,-64.29861111,5.00,Tuc,A1V,
HR9064,Psi Peg,23.96263889,25.14138889,4.66,Peg,M3III,
HR9066,HR9066,23.97352778,51.38861111,4.80,,M7IIIe,
HR9067,27 Psc,23.97786111,-3.55611111,4.86,Psc,G9III,
HR9071,Sigma Cas,23.98344444,55.75500000,4.88,Cas,B1V,
HR9072,Omega Psc,23.98850000,6.86333333,4.01,Psc,F4IV,
HR9076,Epsilon Tuc,23.99861111,-65.57722222,4.50,Tuc,B9IV,
HR9084,Theta Oct,0.02661111,-77.06583333,4.78,Oct,K3III,
HR9089,30 Psc,0.03263889,-6.01416667,4.41,Psc,M3III,
HR9098,2 Cet,0.06230556,-17.33611111,4.56,Cet,B9.5Vn,
HR9103,3 Cet,0.07500000,-10.50972222,4.98,Cet,K3Ibv,
